,turbine,blade1actual,blade2actual,blade3actual,power,rotor speed,generating outboard bearing temp,hub temp,wind speed
2,WTG-C,8.140526772,8.14496994,8.172891617,2105.474609,13.36401939,44.86168671,34.87647629,12.04747677
146,WTG-C,7.137085915,7.294550419,6.979620457,1969.153564,13.16394901,39.61721039,30.95411873,7.910869122
290,WTG-C,2.085572958,2.084746122,2.14041853,946.9239502,10.08152199,34.17677689,24.80576134,5.951812267
434,WTG-C,5.407485962,5.406704903,5.394080639,573.3413086,9.828765869,40.26212311,27.62529564,5.634632111
578,WTG-C,7.405256748,7.402152538,7.553183556,1851.309937,13.49017811,37.35070801,29.03242683,10.72806072
722,WTG-C,5.112122536,5.116113186,5.176864624,2257.20166,13.27480412,39.60183334,28.78104019,9.727475166
866,WTG-C,8.794575691,8.796425819,9.135374069,1136.86438,12.74475574,39.47823334,31.00379944,10.1549511
1010,WTG-C,8.736888885,8.4344244,9.143953323,1270.779297,12.70769596,38.62973404,33.08296204,10.96663284
1154,WTG-C,4.260097504,4.260047436,4.369176865,1989.218262,13.49733162,40.87432861,33.44912338,8.729179382
1298,WTG-C,-0.789079726,-0.855914712,-0.845994174,1101.485962,10.32247639,40.73937988,32.78401184,6.256986141
1442,WTG-C,1.759909749,1.761565566,1.756560206,2071.791748,13.3312273,39.98905945,30.93846703,9.009055138
1586,WTG-C,85.00217438,84.99872589,85.00009155,-15.2648716,0.040741168,33.57152557,24.02153397,2.401957035
1730,WTG-C,84.37664032,85.01543427,77.84642029,-12.42044449,0,31.02973175,27.81007195,0
1874,WTG-C,3.420083284,3.421212196,3.422308922,-23.18935585,7.882035255,32.88430405,24.22347832,2.888543129
2018,WTG-C,85.0052948,85.00603485,85.00855255,-10.75949287,0,35.00566483,28.80321884,0.377042294
2162,WTG-C,-0.833751082,-0.860112906,-0.869885147,1403.398071,11.22533417,38.8875885,27.11728096,6.679056168
2306,WTG-C,0.953635097,0.948883474,0.871278644,2173.368652,13.33808899,39.93729782,28.7504406,4.441050529
2450,WTG-C,-0.830482423,-0.838627279,-0.798989832,1251.875244,10.7999258,38.40950394,24.81364822,5.738848686
2594,WTG-C,0.693554699,0.696457744,0.834369659,2311.421143,13.33137989,40.25476074,30.91025352,7.288843155
2738,WTG-C,7.460940361,7.465635777,7.469269276,2477.445557,13.43267632,42.6135788,33.78644943,9.823072433
2882,WTG-C,9.830203056,9.84240818,10.01067162,2425.99707,13.43045998,42.05609894,33.74207687,10.29951572
3026,WTG-C,17.26519203,15.13088608,16.9619503,2268.201416,13.2931776,29.87905884,19.11371803,16.6625576
3170,WTG-C,2.209629536,2.290248394,2.136962414,2797.689697,13.45876408,35.54964828,24.67212296,9.011603355
3314,WTG-C,13.56194878,12.86556339,14.07767487,1130.05249,12.90279579,37.49079132,24.07765388,6.67407465
3458,WTG-C,1.646884799,1.64970994,1.653720737,85.46850586,7.476305008,36.72715378,23.91221046,2.165328264
3602,WTG-C,-0.748977482,-0.97026813,-0.799088717,416.1834717,7.573421001,33.5219841,21.6969738,3.76736474
3746,WTG-C,88.71825409,88.5557785,87.04132843,-14.34890366,0.095905937,27.93212891,19.84284019,10.06736755
3890,WTG-C,-0.716097713,-0.973632872,-0.782821894,1370.34375,11.0775547,31.5951786,20.79855347,5.939859867
4034,WTG-C,85.007164,84.99981689,84.99747467,-6.733674526,0.721472442,32.79047775,21.79952431,15.65181065
4178,WTG-C,7.200361729,6.951385021,7.218788147,1552.331787,12.95873928,33.04827881,22.97494507,5.986879826
4322,WTG-C,9.800889969,9.767288208,9.918369293,2323.490479,13.42474461,36.18845749,26.09052467,9.638888359
4466,WTG-C,-0.767006397,-0.973564863,-0.842965126,357.4607239,7.463816643,32.64433289,21.89235115,3.630313873
4610,WTG-C,-0.68500638,-0.937644601,-0.813016713,575.5180664,8.386556625,35.1440773,21.75946045,4.223292828
4754,WTG-C,1.590992332,1.332378507,1.51433444,2496.263184,13.43789577,37.20537949,25.66326141,6.922559261
4898,WTG-C,11.15974522,10.89933395,11.25718784,2874.672119,13.42646408,40.98773956,29.86297035,12.18148422
5042,WTG-C,1.648932576,1.429418206,1.580288291,-1.45898819,7.44402504,35.51501465,27.06675911,1.995980501
5186,WTG-C,2.061939955,1.808626413,2.036575794,2602.703857,13.40111256,28.1498127,18.04037094,8.274591446
5330,WTG-C,8.788505554,9.042917252,9.007277489,2859.782959,13.43764591,38.62787628,27.01127625,12.53741932
5474,WTG-C,7.533398151,6.380722046,6.320263863,2787.459961,13.3666935,28.43837929,17.77268219,9.924007416
5618,WTG-C,8.15541172,10.39680958,9.168294907,2832.280762,13.54179001,29.72700882,19.00932503,14.33434582
5762,WTG-C,-0.321900427,-0.97177577,-0.843158424,376.2078552,7.470766068,29.25043678,18.33691216,4.753847599
5906,WTG-C,0.274523318,0.025627529,0.221536726,285.5415649,7.477359772,33.68445969,22.81023979,4.917969227
6050,WTG-C,0.63613832,0.397812963,0.53665936,2119.519775,12.96369267,25.47580147,14.99466515,8.237916946
9362,WTG-C,20.07604408,19.81131554,19.77993393,242.0645142,8.009942055,31.91628075,19.78565216,13.83216667
9506,WTG-C,84.99946594,84.99943542,85.02206421,-16.71809769,0.508524895,28.85371208,15.21360588,16.70062447
9650,WTG-C,1.539856791,1.298878551,1.45232892,127.4496765,7.453084469,17.72889137,9.847176552,4.537303925
9794,WTG-C,3.066185474,2.803345442,2.970349789,2824.183838,13.4232378,28.03548813,17.10322762,8.807341576
9938,WTG-C,5.781718254,6.002259731,6.122645378,2813.50293,13.53796291,30.76573181,19.02918816,9.898826599
10082,WTG-C,3.716244221,0.071746923,2.644761562,2816.989014,13.44200611,24.99989891,15.19900703,10.06163406
10226,WTG-C,-0.741199076,-0.988969862,-0.823628843,512.5603027,8.014978409,33.21377182,22.75572586,4.95247364
10370,WTG-C,1.430930018,1.174936175,1.36134696,84.29773712,7.451570034,28.50639343,18.96974373,3.735940933
10514,WTG-C,-0.703542829,-0.960374534,-0.814982712,753.1824341,9.175623894,31.27406311,18.99842834,6.533149242
10658,WTG-C,-0.993393004,1.642063856,-0.886106789,2351.178467,13.44708633,33.33415985,24.45603752,9.607329369
10802,WTG-C,13.85271931,13.59045124,14.16285324,616.9271851,10.30439758,27.62891769,18.12092018,11.159729
10946,WTG-C,1.519168139,1.277277708,1.419934511,33.80838776,7.484598637,23.41073036,15.21385002,3.001407385
11090,WTG-C,13.28905964,13.24133492,13.57553673,1712.434937,13.38687515,29.32039642,16.04668045,17.93187332
11234,WTG-C,-0.795012176,-0.843637645,-0.805970252,421.675415,7.495488644,16.48321342,5.724404335,5.336140633
11378,WTG-C,2.420837879,2.374795675,2.469906092,180.5652313,7.543878078,19.18432808,9.216013908,3.861053467
11522,WTG-C,85.00399017,85.007164,84.9996109,-11.3423357,0.519565344,21.65606117,12.21347141,12.13517475
11666,WTG-C,10.06819153,10.01701832,10.06285095,899.7450562,11.55821323,31.79028893,20.70359421,9.589466095
11810,WTG-C,23.85076141,23.80672264,23.9808979,368.2785034,8.991095543,24.95709229,11.74600124,16.41063118
11954,WTG-C,14.29023361,14.23787022,13.89366722,514.3074951,9.900817871,21.68615341,9.760793686,8.471487045
12098,WTG-C,18.17494965,18.3047657,18.68192291,587.5707397,8.722300529,24.88203239,14.79388142,12.36552715
12242,WTG-C,15.18543911,15.12596893,15.0747242,773.8258667,11.05847073,28.99424362,17.97942162,14.21314335
16418,WTG-C,17.94135666,17.89387321,18.14763641,202.0380859,7.727933407,25.81718254,14.14636612,6.863028526
16562,WTG-C,0.66481024,0.614898026,0.653061569,239.5390625,7.460160732,29.31956863,17.01054001,4.781261921
16706,WTG-C,1.03132534,0.986051738,1.012691736,162.2337189,7.46663332,29.98059273,19.85350227,4.217355251
16850,WTG-C,23.51771927,23.47750092,23.51757813,-5.297289848,8.078762054,22.3421402,8.741300583,11.29162598
16994,WTG-C,5.845231533,5.799664974,5.836614132,552.6885376,9.70741272,13.46815681,1.695054054,5.347738266
17138,WTG-C,1.592865944,1.540961027,1.576480389,125.8728027,7.454349041,26.12388229,13.67074966,3.255634785
17282,WTG-C,84.99891663,85.00720978,84.98912811,-3.312826395,0.505052745,18.81631088,12.83185387,10.48953056
20594,WTG-C,1.146779418,1.101690173,1.142685652,107.1440659,7.48059082,30.34309006,15.41542912,3.673634291
20738,WTG-C,2.013754129,1.952340245,2.003580093,2693.032959,13.43931866,28.48987389,16.95943069,9.574942589
20882,WTG-C,11.14156914,12.48699665,13.20934296,2852.997559,13.39820194,23.78574181,12.80593491,16.23702812
21026,WTG-C,0.713829994,1.530416965,2.573255301,2377.030029,13.46227455,17.32605362,3.932426214,8.089168549
21170,WTG-C,8.928469658,8.882043839,8.857525826,1415.991089,13.38989162,23.00417137,11.72631454,9.955043793
21314,WTG-C,-0.839750767,-0.892186522,-0.857783616,1680.679443,11.79153156,27.73031425,16.7996769,8.384661674
21458,WTG-C,10.94563675,10.86920166,10.92221451,2828.424805,13.26302338,32.20899963,20.11706734,11.4444561
21602,WTG-C,8.609534264,9.768897057,9.618908882,1891.146729,13.48885822,26.30531502,16.70670128,9.418347359
21746,WTG-C,84.76616669,84.74346161,84.75658417,-13.43326759,0.254784077,12.33618736,2.108811378,0.984139264
21890,WTG-C,-0.839533091,-0.875175416,-0.843171895,1095.782227,10.17217445,23.23851967,8.971225739,6.425982475
22034,WTG-C,84.99314117,84.98954773,84.98898315,-14.20971012,0.26395157,24.56668282,13.03891563,7.843386173
22178,WTG-C,6.897808552,6.844939709,6.889393806,2436.246826,13.4878397,31.70788383,19.05685997,8.247620583
22322,WTG-C,8.879826546,8.831684113,8.869771957,2766.069336,13.31370449,32.95631027,18.41534233,12.02141571
22466,WTG-C,9.024759293,8.901589394,9.171158791,2199.039795,13.45821667,12.51299953,3.024658918,10.51477909
22610,WTG-C,-0.412005574,-0.894198418,-0.859265029,536.8313599,8.005074501,9.769463539,0.798677683,5.388253212
22754,WTG-C,85.00183868,84.99210358,84.98708344,-3.448201418,0,6.301000118,-2.217798948,7.487624645
22898,WTG-C,1.688026309,1.634139299,1.670919299,38.47432327,7.476776123,7.673314571,-0.664934814,4.3010993
23042,WTG-C,12.80825615,12.7489624,12.79452229,-19.74255943,1.091762185,13.62629223,9.807959557,1.616241097
23186,WTG-C,-0.839189112,-0.88448596,-0.842275143,1777.472534,11.93032074,27.49999809,12.71067619,7.353077888
23330,WTG-C,-0.625013173,-0.672401547,-0.631528974,1119.532593,10.11091709,28.67557716,18.78874397,6.555635452
23474,WTG-C,7.312577724,6.091971874,3.296050072,1616.809204,13.45031643,33.8098526,24.31131744,7.819332123
23618,WTG-C,3.96046114,3.915020466,3.951388121,1748.561523,13.51123333,33.6413269,23.85927582,8.013930321
23762,WTG-C,85.00833893,85.01833344,85.0189743,-15.04902458,0.458559602,34.22936249,25.76026344,10.22188568
23906,WTG-C,17.45758629,17.38911057,17.43235779,905.3899536,11.54130173,32.20666122,21.07652473,14.5952673
24050,WTG-C,0.224388003,0.168258443,0.210073948,2189.667725,13.01414013,25.37319946,16.84914589,8.067025185
24194,WTG-C,0.340812474,0.300211251,0.419733971,2142.596924,12.76840115,15.67860889,1.708569288,8.291049957
24338,WTG-C,1.138976097,1.093940139,1.133057952,115.5294724,7.476400375,12.2721386,2.164739132,4.226638794
24482,WTG-C,1.472679138,1.420336962,1.466385007,91.26985931,7.472858429,15.49681187,9.946317673,3.165044546
36866,WTG-C,-0.736372948,-0.920497656,-0.847538054,511.2679138,8.137771606,34.5,24.89008713,6.182343006
37010,WTG-C,-0.731504619,-0.925374568,-0.842213035,1526.727051,11.48413372,35.2182579,25.74842834,7.555648327
37154,WTG-C,4.327777386,4.151743889,4.224091053,2829.737061,13.50974751,40.14381027,29.62789154,10.36837196
37298,WTG-C,90.47608185,90.37042236,90.43127441,-1.955199242,0.026319979,38.9365387,29.88874626,10.16712666
37442,WTG-C,-0.66241461,-0.898351073,-0.773860753,950.5828247,9.917770386,40.42981339,30.76963615,6.845016956
37586,WTG-C,1.245498896,1.055505276,1.139316201,143.0652618,7.486485481,37.90044785,30.02248383,3.41794014
37730,WTG-C,1.765281916,1.555531263,1.652300239,88.36058807,7.486851215,35.64043808,27.80722618,3.137295723
37874,WTG-C,-0.692036688,-0.886182725,-0.805377603,1362.663208,11.00361061,39.83111191,29.6697216,6.851862431
38018,WTG-C,90.51622009,90.3872757,90.40608215,-3.307385445,0,37.43093109,34.90192795,4.644691467
38162,WTG-C,-0.765795171,-0.954595029,-0.881293476,1224.897583,10.84943676,45.39998627,36.01792526,7.355757236
38306,WTG-C,8.418527603,8.234285355,8.307561874,2801.458496,13.56431484,49.22971344,38.96191406,12.55062199
38450,WTG-C,10.86710739,8.876525879,8.656937599,2814.353516,13.4063139,47.38129425,36.96484756,12.73402882
38594,WTG-C,8.033495903,7.845910072,7.929555893,2905.833984,13.75035667,46.08845139,35.96152115,13.25888443
38738,WTG-C,-0.751313567,-0.936476171,-0.854299366,1795.522095,12.33946609,44.80887604,36.67377472,7.549037933
38882,WTG-C,-0.28440699,-0.471038491,-0.389549881,2012.043091,12.89292812,43.76200485,35.60943604,8.478844643
39026,WTG-C,-0.660810113,-0.851370633,-0.773679316,1875.749023,12.46316338,44.33342361,36.58514786,8.90853405
39170,WTG-C,1.219745398,1.040351748,1.130379319,2524.468262,13.47853184,44.65250397,35.75069809,9.779940605
39314,WTG-C,-0.310253114,-0.501173735,-0.420692205,2082.687256,13.00822067,44.35367584,35.67886353,7.964860916
39458,WTG-C,2.644467592,2.462622166,2.530885458,2809.768066,13.39346409,45.94374084,36.00197601,10.28329945
39602,WTG-C,1.170126796,0.985407889,1.065680623,2300.991943,13.46160221,46.18037415,37.76675415,9.556365013
39746,WTG-C,-0.737294316,-0.916230321,-0.842144191,1236.037109,10.83374882,40.20731354,32.9015274,7.184360981
39890,WTG-C,3.336874485,3.271026373,3.094776392,2194.219971,13.48524761,46.84704208,37.11603546,7.75884819
40034,WTG-C,8.551804543,6.857100964,4.848591805,2833.748291,13.63564777,50.02952194,39.83199692,12.71253872
40178,WTG-C,6.118085861,9.063715935,7.601029396,2823.586182,13.57249737,44.00858688,34.95222092,14.74312592
40322,WTG-C,-0.773049593,-0.962134778,-0.880210817,1489.338257,11.41018581,33.70228577,24.08550072,7.517019749
40466,WTG-C,1.24763763,1.06954515,1.142310023,125.7777023,7.478429317,34.05836868,25.86688232,3.840468645
40610,WTG-C,-0.745994389,-0.928746462,-0.851266325,1534.963135,11.65049076,40.05601883,30.98578453,8.262509346
40754,WTG-C,3.486025333,2.252874136,0.853898108,2795.164551,13.50335121,42.29992676,32.84990692,10.08312702
40898,WTG-C,2.293162107,1.12039578,1.584364533,2573.852051,13.48019695,46.65542221,36.84116364,10.07269669
2,WTG-E,7.667419434,7.722341537,7.376340389,1983.121216,13.36400986,40.63097382,34.00452042,10.39058399
146,WTG-E,8.29305172,7.683051109,6.492800236,2007.454468,13.25120449,38.06063843,30.86641312,11.04741001
290,WTG-E,6.709109783,6.700540543,6.322853088,535.8115234,9.800614357,33.25358963,25.21119118,6.204181194
434,WTG-E,2.316693068,2.316100597,1.932635903,837.8713989,10.19542694,35.73503876,27.90160561,6.590865135
578,WTG-E,84.99860382,85.00687408,85.02332306,-2.084234238,0.35003224,29.32167625,27.73607063,13.04911995
722,WTG-E,7.766519547,7.745744705,7.35862112,1081.039795,13.13749409,35.02977371,28.84487343,7.689684391
866,WTG-E,12.74931526,12.74879646,12.3677845,1537.857788,13.48719025,38.25423431,30.85961723,15.64110851
1010,WTG-E,11.91100597,11.17521095,12.20964813,1305.503296,13.13752937,38.76755142,32.79630661,12.51337051
1154,WTG-E,3.444586515,3.432189465,3.060292959,2127.172119,13.38233376,39.70977402,33.03374481,9.302190781
1298,WTG-E,-0.718094766,-0.646757424,-1.099832177,936.6069336,9.823155403,38.62095642,32.8477478,7.241804123
1442,WTG-E,0.955221772,0.936377108,0.577024221,2422.372559,13.30608273,37.75474548,30.82500267,9.926089287
1586,WTG-E,85.04431915,85.04956055,85.04514313,-15.34332466,0.048169486,31.424366,25.74352074,1.841268897
1730,WTG-E,64.96237946,64.99610138,64.97434998,-13.03603268,0,30.74487305,26.78196526,0.95652312
1874,WTG-E,1.823207855,1.87289691,1.537297368,-14.43274403,7.739674091,32.45672226,25.65527534,2.30198884
2018,WTG-E,33.67359924,33.6624527,33.36432266,-20.34716606,0.430968821,34.48283005,30.04850197,1.588229418
2162,WTG-E,-0.543381631,-0.553872168,-0.847334862,1606.69751,11.71420574,36.70095825,28.84008598,7.792264938
2306,WTG-E,7.663496017,7.667006016,7.33525753,2845.417725,13.47590351,36.87184906,28.78988647,8.505639076
2450,WTG-E,-0.772467732,-0.676767051,-0.983097196,942.9101563,9.819651604,34.76325607,26.12085152,4.82386446
2594,WTG-E,0.27861622,0.224730641,-0.07024169,2112.64209,13.06496048,39.2976265,30.79880524,8.43020153
2738,WTG-E,6.581796169,6.586953163,6.288625717,2491.356445,13.53352165,41.31478882,32.88967896,12.01084995
2882,WTG-E,10.08785915,8.470598221,8.052791595,2431.385254,13.56313419,41.10842514,32.66088104,12.54208851
3026,WTG-E,13.67929935,13.68064404,13.36840439,2238.162842,13.46518421,29.82151031,19.9484024,16.76362038
3170,WTG-E,5.370182037,5.274392128,5.057562351,2818.520508,13.49017334,36.35350037,25.16964531,11.73095036
3314,WTG-E,12.81188011,12.01009178,10.9303751,2603.195557,13.41419983,36.45766449,26.0736351,14.80512333
3458,WTG-E,0.734994948,0.759657502,0.459793061,193.2731934,7.488485813,32.22251511,25.89176559,3.925578117
3602,WTG-E,-0.729529023,-0.779322803,-1.050588489,466.7388,7.843036175,30.43369675,21.89801788,5.540572643
3746,WTG-E,-0.774356306,-0.734504342,-1.073735595,483.3100891,7.929692268,28.95713806,18.99562645,4.976023197
3890,WTG-E,-0.759037614,-0.777907789,-1.062372684,831.9877319,9.392487526,30.71216393,22.11563301,5.481129646
4034,WTG-E,7.599565506,7.601396561,7.296032429,2454.361572,13.49844933,32.88193512,23.85004997,11.96121883
4178,WTG-E,5.483435154,7.871251583,6.015110016,2710.790527,13.37992477,33.18186188,22.98539162,12.88832188
4322,WTG-E,6.904360294,6.901226044,6.600284576,2529.426758,13.32607937,35.58515167,25.87527084,11.11628532
4466,WTG-E,-0.691309869,-0.739342988,-1.018588305,574.3518677,8.365011215,31.43657494,22.23707962,5.612738132
4610,WTG-E,-0.722558498,-0.733885407,-0.850796819,645.0361938,8.694937706,31.19177818,22.81058311,6.637457848
4754,WTG-E,-0.687175572,-0.669496357,-0.977740049,1359.949951,11.03034306,33.85232925,22.03545952,7.203824043
10226,WTG-E,1.879454851,1.879295945,1.577019811,2434.20874,13.46884632,31.73007774,21.88331032,9.040947914
10370,WTG-E,1.764534831,1.739127636,1.441270351,14.84644508,7.508048058,27.95083618,19.9830761,2.490140915
10514,WTG-E,-0.741052508,-0.73235786,-1.049780607,1132.473877,10.40396214,29.88562202,21.74267006,6.406046391
10658,WTG-E,2.928126097,2.912673235,2.62309289,2703.365723,13.53032589,34.37475204,24.88459396,11.57658577
10802,WTG-E,12.48436832,12.47906494,12.1829958,817.0029907,11.27887917,27.79496574,18.78291893,9.719427109
10946,WTG-E,1.673130512,1.703820229,1.347276688,-9.857344627,7.269014835,22.40208817,17.76964188,2.279448986
11090,WTG-E,13.96956825,14.60419178,15.08227062,1633.956177,13.4277916,28.09427643,16.80802345,16.42722893
11234,WTG-E,-0.712722063,-0.739469409,-1.043687463,474.8091431,7.731919289,17.14127731,7.252869129,5.249237061
11378,WTG-E,-0.717844129,-0.701214433,-1.006392002,650.1048584,8.502202034,20.39999962,10.74040222,6.174824238
11522,WTG-E,85.00345612,84.99829865,84.99064636,-13.21139526,0,22.70806122,14.0906477,7.347872257
11666,WTG-E,11.52161503,11.52518559,11.21554947,610.3969727,10.62721348,30.64248276,21.01926041,8.984086037
11810,WTG-E,22.96699715,22.96043777,22.64656067,375.2826538,8.919906616,23.45151329,12.03995991,13.45550823
11954,WTG-E,13.70004654,13.69957733,13.3937149,760.4362793,11.03233719,22.39999962,11.70680809,10.07225418
12098,WTG-E,24.28090477,24.01494598,23.47382164,-5.394030571,8.004803658,24.76582527,14.73460865,11.22224426
12242,WTG-E,13.78517532,13.79006481,13.47942066,711.2628784,10.86978531,28.67334747,18.2677803,10.92261505
12386,WTG-E,20.16544533,20.16218185,19.84983253,399.6733704,8.867196083,32.20000076,23.88183022,12.11209106
12530,WTG-E,-0.247398272,-0.24835436,-0.606861651,362.4993286,7.499391079,32.00229263,27.78689766,4.830627918
12674,WTG-E,11.59748268,11.59412384,11.29915905,793.0822754,11.17091179,24.69018173,13.25507259,9.179390907
12818,WTG-E,11.3586359,11.35501671,11.05706692,666.6963501,10.64976501,23.79676628,12.24793243,9.733343124
12962,WTG-E,-0.761531591,-0.371185631,-0.676020443,655.2702637,8.525815964,17.16113472,5.165626049,6.248710632
13106,WTG-E,28.18506241,28.16783905,27.87023735,-23.26972008,3.244986534,19.87441635,9.362076759,7.739889145
13250,WTG-E,-0.779499054,-0.788394451,-1.090358496,399.6300964,7.483560085,22.73227692,13.99448967,4.78004837
13394,WTG-E,6.43558979,6.429687023,6.125496387,500.9437561,10.03904343,24.40817833,14.79225636,6.412450314
13538,WTG-E,16.90299797,16.9054451,16.59310722,785.7086792,11.05791569,28.05435944,17.71028519,14.35972118
13682,WTG-E,85.00067139,84.99917603,84.99978638,-13.29997444,0.738356471,27.86075783,18.98417473,7.261737347
13826,WTG-E,19.64641571,19.6458149,19.34634781,610.8966064,10.14195538,32.74633408,26.37865448,13.42949867
13970,WTG-E,3.947682619,3.947149992,3.646451712,1013.721924,11.29636478,29.18486977,19.83090591,7.486377716
14114,WTG-E,85.00250244,84.99726105,85.00294495,-13.05054665,0.125252664,31.14766502,25.83796692,8.481721878
14258,WTG-E,5.639536858,5.635910034,5.335793972,1110.638916,12.64266205,26.86126709,14.96169853,7.441328049
14402,WTG-E,9.398256302,9.398552895,9.096634865,478.7852783,9.966875076,23.75750542,13.88573837,7.057751656
14546,WTG-E,-0.769851863,-0.748033941,-1.063257575,423.210083,7.515490055,17.29635429,8.852286339,5.94739151
14690,WTG-E,14.85948467,14.85365868,14.54715538,833.6884766,11.18496704,29.49914742,18.79278946,10.72062969
14834,WTG-E,1.258883595,1.246117234,0.947013974,104.1021423,7.510313034,27.63536453,21.26941299,4.647459984
14978,WTG-E,12.87963772,12.86100197,12.57968807,958.1522217,11.78665257,19.08687019,0.883144617,8.922277451
15122,WTG-E,8.149281502,8.141300201,7.836064339,983.729248,12.16189098,26.45434952,5.015395641,8.744633675
15266,WTG-E,14.99275303,14.97507,14.66623592,798.1898193,11.18984127,29.68925095,11.76118374,12.72143745
15410,WTG-E,18.05325317,18.04220009,17.73677826,619.2938843,10.28141785,35.57691956,18.9430027,12.17657471
15554,WTG-E,15.1538372,15.14269352,14.8358717,513.5727539,9.585995674,24.8012886,4.942698002,11.58204365
15698,WTG-E,1.842612147,1.842281461,1.538750768,200.7824097,7.710372925,19.89199638,1.935230017,4.005448818
15842,WTG-E,13.58656597,13.6005106,13.28698635,807.9935913,11.26162052,25.26074982,5.338249207,12.25333405
15986,WTG-E,20.2306366,20.23208427,19.92740631,375.4046021,8.577813148,31.95476151,13.85640717,11.4875536
16130,WTG-E,0.053994574,0.156969637,-0.156588644,343.7971191,7.484363079,27.7217083,7.253334045,3.981226206
16274,WTG-E,10.33603096,10.34331894,10.03567219,1237.120361,12.84437275,33.32581329,14.05214405,12.01486301
16418,WTG-E,20.75351334,20.74128532,20.45489693,332.711792,8.472978592,32.75532913,14.92789841,11.79591179
16562,WTG-E,0.750956237,0.751133204,0.447962493,229.1968079,7.492925167,35.30428696,18.13840675,3.987489462
16706,WTG-E,-0.146294788,-0.142854959,-0.403903097,348.6956482,7.515591145,37.48944855,21.7226963,4.800368786
16850,WTG-E,85.0015564,85.00093079,85.00899506,-19.39241219,0.319515556,28.25718689,10.7768898,15.45115948
16994,WTG-E,7.121240139,7.121387482,6.820512772,745.7633057,11.17796135,25.23127937,4.745956898,6.19618082
17138,WTG-E,0.402893871,0.404934466,0.427923411,272.8002625,7.47258091,33.49705505,14.80859756,4.9706707
17282,WTG-E,85.01883698,85.01916504,85.01729584,-20.68367767,0.532883346,36.7295723,16.88982201,15.13928509
17426,WTG-E,0.481908858,0.482199728,0.176457107,397.7070313,7.689600468,37.26168442,19.69503021,4.844769955
17570,WTG-E,11.26510239,11.2530756,10.9270153,1743.960693,13.49641418,25.60409164,3.956453323,10.96533775
17714,WTG-E,1.104440451,0.764561892,0.431473941,219.7359924,7.505645752,21.43698311,1.902575374,4.845834255
17858,WTG-E,1.283640742,1.27280736,0.944544613,168.7084503,7.491572857,29.43053436,6.459646225,4.755164623
18002,WTG-E,5.526260853,5.520005703,5.193209171,2840.710693,13.47029877,45.20769501,11.89560318,10.25759697
18146,WTG-E,6.477346897,6.473161221,6.143119812,1542.317749,13.55323982,38.16307449,17.27510834,8.902070999
18290,WTG-E,3.964250326,3.951276541,3.626369715,2843.297852,13.43453979,48.26033783,13.88926888,11.01404858
18434,WTG-E,-0.71595633,-0.723370016,-1.078727484,1760.586182,11.80330753,30.48642349,2.360831738,7.242287636
18578,WTG-E,0.309529096,0.306370825,-0.014520302,2032.303101,12.48227787,27.16670227,4.70976305,8.364661217
18722,WTG-E,-0.732358158,-0.7472772,-1.067174673,510.0224304,7.969399929,37.70391464,8.925174713,5.336380959
18866,WTG-E,1.641390681,1.63320446,1.301996469,-18.72725677,7.390630722,33.03321457,13.07672977,2.840149164
19010,WTG-E,-0.241092011,-0.252288729,-0.57631892,311.2594299,7.490761757,40.09999847,20.00828743,4.568929672
19154,WTG-E,-0.744726121,-0.668873191,-0.963989079,1134.841919,10.39560032,36.82732391,17.97402954,6.928935528
19298,WTG-E,64.13012695,64.11814117,63.79187012,-18.80364799,2.438902855,48.27088165,19.98831177,13.72615433
19442,WTG-E,55.54650879,55.50421143,55.19331741,-21.27129555,2.75587368,37.0059166,8.678486824,12.88062859
19586,WTG-E,8.382027626,8.382665634,8.050127029,1747.414551,13.43976307,28.24272919,3.349082708,9.492083549
19730,WTG-E,2.279925585,2.253775358,1.932736516,2419.170898,13.46760654,38.12467194,1.869141579,8.370939255
19874,WTG-E,-0.711480081,-0.729534388,-1.085864305,1189.406372,10.50395393,30.51585579,5.714178085,5.799020767
20018,WTG-E,8.235487938,5.503310204,5.475446701,2828.397461,13.41872311,46.74763107,8.790510178,11.55168629
20162,WTG-E,5.773416042,5.770823479,5.434135914,2837.05957,13.56633091,42.78763199,10.90340805,11.13830757
20306,WTG-E,-0.03042962,-0.04853224,-0.373284012,2095.095703,12.82947922,39.77019882,16.14538574,8.061561584
20450,WTG-E,-0.714450061,-0.727165043,-1.044154406,644.5474854,8.717698097,40.23920059,18.87901878,5.677564621
20594,WTG-E,1.264194727,1.358045101,0.926695466,165.5402679,7.495487213,38.27150345,19.33444977,3.977591276
20738,WTG-E,-0.684941828,-0.740357578,-1.013681173,1614.852173,11.67742538,38.52602005,19.03660965,8.500488281
20882,WTG-E,16.42803764,16.06267738,15.80921459,2764.444336,13.52060699,47.60413361,13.96958447,19.2648735
21026,WTG-E,5.073288918,5.065901279,4.741436005,2818.402832,13.43275642,35.01773834,6.314366341,10.43900967
21170,WTG-E,8.616418839,8.613241196,8.282887459,1381.333374,13.4414053,43.71827698,13.8169508,10.42642307
21314,WTG-E,1.258584976,1.212777972,0.928574204,2266.735107,13.40970993,48.04992294,17.70217705,8.98972702
21458,WTG-E,14.74148178,14.75348186,14.42504883,2823.413086,13.30239201,49.47414017,20.94664001,18.85278893
21602,WTG-E,10.69366741,10.68256474,10.35910511,1885.675415,13.73639584,45.86468887,17.19181633,12.21055317
21746,WTG-E,84.98570251,84.98570251,84.98644257,-13.44317722,0,22.16720772,6.537816525,0
21890,WTG-E,2.564306498,2.590362072,2.227991343,2737.898193,13.47538185,40.247612,11.28455067,9.022703171
22034,WTG-E,84.99356842,84.99793243,84.99625397,-17.42992401,0.306149185,34.98968124,14.87333488,13.17728901
22178,WTG-E,4.331599712,4.313589096,3.988837957,2245.314209,13.44675922,49.44620132,19.81336784,9.764752388
22322,WTG-E,9.489376068,10.14576626,8.290486336,2819.205322,13.54301071,52.29178619,20.12467957,15.27282143
22466,WTG-E,8.511245728,8.138250351,7.679164886,2345.830078,13.33758736,32.65287018,0.054692231,11.78188896
22610,WTG-E,-0.733127952,-0.737664759,-1.07168746,534.6378174,7.917239189,23.29136848,1.863106728,5.739300728
22754,WTG-E,-0.733929634,-0.746821165,-1.064741015,1502.256836,11.13601303,26.92780113,2.812763929,7.925339699
22898,WTG-E,-0.6841048,-0.69102639,-1.07598877,468.7947388,7.714761734,24.27253151,3.085045338,5.343853951
23042,WTG-E,0.51963371,0.515850961,0.186217919,-21.32922173,3.200561047,19.57747459,12.10164738,1.639990926
23186,WTG-E,-0.74101311,-0.733324766,-0.009686072,926.0643921,9.732123375,36.11296082,15.81617451,6.102656841
23330,WTG-E,5.45402956,5.441814899,5.196280956,2845.461182,13.49269104,48.85078049,19.04863739,10.94991207
23474,WTG-E,9.292442322,9.287837029,8.950324059,2512.168457,13.47882271,49.33428955,24.13263321,13.8552084
23618,WTG-E,-0.448979676,-0.468505442,-0.793044031,1906.792114,12.46865082,47.22283554,25.28464127,7.960180759
23762,WTG-E,84.49284363,85.01630402,85.02218628,-14.0991869,0.658706605,47.889431,27.64720535,14.18268967
23906,WTG-E,17.58606148,17.57818985,17.257967,898.5664673,11.67219257,43.05799484,22.77686501,14.28787518
24050,WTG-E,2.216479301,2.20287919,1.885235786,2439.687256,13.40550804,47.39245987,17.8230896,9.93397522
24194,WTG-E,4.791771412,4.783062458,4.444812775,2839.658691,13.67759991,34.89994431,4.575382233,13.02460194
24338,WTG-E,1.640616417,1.632127285,1.318533659,56.57665634,7.5090909,20.86322021,5.132782936,3.394547462
24482,WTG-E,1.485141873,1.472830653,1.142009854,13.07687569,7.49732542,20.4147377,10.84042358,3.176879644
2,WTG-F,9.05118084,8.883493423,8.485524178,2080.904297,13.46064949,43.48558044,33.06642151,10.29190636
146,WTG-F,8.981469154,8.811178207,8.419792175,2021.873779,13.52201748,40.64248657,29.95508957,12.70091248
290,WTG-F,3.906402588,3.745896578,3.346419096,1043.21875,10.57441902,34.07567978,24.18312836,5.926430702
434,WTG-F,5.574287891,5.416251659,5.014690876,551.5324097,10.2209177,35.33528137,27.80011559,5.397213936
578,WTG-F,8.377337456,8.420192719,10.18739128,2126.435791,13.43772411,40.25757599,28.03273201,12.48817253
722,WTG-F,5.391527176,5.228314877,4.825144768,1759.92749,13.55880928,37.04488754,27.98907852,8.241573334
866,WTG-F,13.78214264,11.5011797,11.00463104,1555.555542,13.48521519,41.55953979,29.97273445,14.49833012
1010,WTG-F,12.63263798,12.46139622,12.07043266,1330.00647,13.10999298,41.19412231,31.80606079,13.37253761
1154,WTG-F,4.659524918,4.492811203,4.092664719,2451.966553,13.5317564,42.8342514,31.94451332,10.40873623
1298,WTG-F,-0.60691148,-0.774467945,-1.172308087,1305.795898,11.00447464,41.60354996,31.92234993,7.942090988
1442,WTG-F,1.290249467,1.130412459,0.735720336,2375.508301,13.32646084,41.57733536,29.91148376,8.984185219
1586,WTG-F,85.00241089,85.00190735,85.0027771,-18.80847931,0.037391692,31.29885101,23.97778511,3.198306322
1730,WTG-F,80.39434052,80.09438324,85.02137756,-12.45689487,0.231519505,30.8040905,24.69776917,0.343808144
1874,WTG-F,2.135449648,1.907270551,1.513726711,20.66904449,7.766082764,32.06743622,23.9969883,2.007008314
2018,WTG-F,65.02364349,65.02422333,65.02235413,-19.90999413,0.084551796,34.20871353,29.03747559,0.905407906
2162,WTG-F,-0.606643796,-0.780256212,-1.149111867,1410.128296,11.23818398,37.08680725,27.85663986,6.960872173
2306,WTG-F,6.803435802,6.637769699,6.235712528,2845.742676,13.46005058,37.50379944,27.84824371,12.99018002
2450,WTG-F,-0.57376641,-0.738509178,-1.137557387,1258.76123,10.80213165,35.30707169,25.07851601,7.060829163
2594,WTG-F,1.170280099,1.005824447,0.609666228,2244.42334,13.38046265,41.69755554,29.89634895,8.960087776
2738,WTG-F,6.656461716,6.488912106,6.095749855,1794.678223,12.57113361,44.03897858,31.96354675,8.031516075
2882,WTG-F,7.355648518,7.192848682,6.796217918,2332.323975,13.42096138,43.99764252,31.74541092,11.43597603
3026,WTG-F,11.97181797,13.30834103,14.43950081,2192.179688,13.56340885,32.12094879,19.01575851,15.68365955
3170,WTG-F,4.794192791,4.637559414,4.229860783,2832.712646,13.44733906,38.09140015,24.05105209,11.24634457
3314,WTG-F,11.18201828,11.0227108,10.61814976,2513.164551,13.32554054,40.18503189,25.0361824,14.56126881
3458,WTG-F,0.380375504,0.215188339,-0.17568627,253.2969513,7.457231522,32.1806488,24.76789856,4.411743641
3602,WTG-F,-0.772473454,-0.716549456,-1.069995165,615.3579712,8.428177834,30.753685,20.21580505,5.430685043
3746,WTG-F,-0.788542747,-0.73291111,-1.075851798,431.2676392,7.607323647,29.58506393,18.72156525,4.445001602
3890,WTG-F,-0.772624791,-0.708687961,-1.068289757,1068.968872,10.222435,31.80564499,20.97065926,6.252740383
4034,WTG-F,6.909945011,7.759897232,8.817268372,2446.683594,13.46007347,33.82136917,23.01628876,11.22147942
4178,WTG-F,7.300094128,7.361845016,7.010565758,2693.471436,13.40308285,34.95590973,21.99534607,10.56387234
4322,WTG-F,9.317394257,9.384465218,9.020017624,2556.352051,13.53170204,39.09522629,24.85605049,12.76193905
4466,WTG-F,-0.765809417,-0.707224965,-1.061751485,557.2747192,8.23604393,31.22372818,21.87405014,5.283355713
4610,WTG-F,-0.313162327,-0.269524425,-0.588989615,369.5505676,7.480082035,30.66679192,21.81321907,4.322490215
4754,WTG-F,-0.564694524,-0.504539132,-0.861434639,1364.098755,11.08449078,35.26145554,23.09957123,7.892773151
10226,WTG-F,2.159285545,2.243096113,1.90351963,2516.818848,13.41524887,33.80445099,20.89084625,9.196852684
10370,WTG-F,1.880126953,1.87168932,1.206802726,21.04150009,7.443909168,29.23400307,18.98955345,2.978363991
10514,WTG-F,-0.632685184,-0.618578434,-1.261922717,1138.73584,10.39559174,32.03799057,20.24555016,7.485021591
10658,WTG-F,3.349023342,3.330996513,2.714690447,2791.046143,13.51661968,38.69436264,23.16554832,10.38043785
10802,WTG-F,12.49368382,12.4843092,11.87674713,766.8522949,10.94399261,28.93720627,17.91126251,10.69850731
10946,WTG-F,1.680517435,1.673663497,1.042946219,-11.9876442,7.263017654,23.56897736,15.94110489,4.334832668
11090,WTG-F,14.66241169,14.66830254,14.04596615,1692.820435,13.36618233,30.33573532,15.83127689,16.98914909
11234,WTG-F,-0.15801844,-0.159082875,-0.753460944,391.3380737,7.477235794,16.7857933,5.901291847,4.772154808
11378,WTG-F,6.830309868,6.809028625,6.206781387,188.8086395,7.924301147,20.42063522,9.966511726,4.594647884
11522,WTG-F,84.99455261,84.99015808,85.00522614,-12.89353466,0.254166424,21.6109333,12.72205448,12.28360271
11666,WTG-F,10.68211079,10.6831913,10.05761528,911.8816528,11.67958832,30.85983658,20.17081261,9.605846405
11810,WTG-F,26.51847076,26.51900291,25.89314651,354.4633179,8.719416618,25.61708069,11.0440855,13.75101852
11954,WTG-F,14.45223713,14.45612335,13.83285427,780.9557495,11.04353523,22.30637741,10.82206535,13.08100986
12098,WTG-F,25.11898232,25.08390617,24.43928909,-34.03075027,7.811332703,24.56345558,13.95106316,9.981925964
12242,WTG-F,15.35899353,15.36743546,14.74389362,771.8858643,11.06685543,28.19502068,17.6990509,11.10144234
12386,WTG-F,20.66730118,20.6441803,20.0308857,379.0191956,8.874800682,31.39419556,22.77515793,12.27679825
12530,WTG-F,-0.701177716,-0.584523022,-1.228905916,452.0397644,7.535231113,33.1928978,25.84961128,5.752791405
12674,WTG-F,11.94625187,12.04941559,11.43571758,425.4656677,8.818461418,23.63087654,12.01815414,7.141281605
12818,WTG-F,12.27103996,12.39843273,11.77373314,845.1137085,11.35560608,23.74761772,11.14546299,9.110489845
12962,WTG-F,-0.61365211,-0.605273306,-1.245844245,559.5579834,8.11092186,16.65909386,3.1821661,5.56565237
13106,WTG-F,16.35590172,16.48269844,15.85766125,-22.03694725,7.698524952,19.4587059,8.876315117,8.422100067
13250,WTG-F,1.071183443,1.185108066,0.563891947,226.3413849,7.464544773,22.39368439,14.07149124,4.27474165
13394,WTG-F,5.642031193,5.760108948,5.137904167,724.8729248,10.5379858,25.13238907,13.95067406,5.316484451
13538,WTG-F,18.13089943,18.24816895,17.6227417,765.8029175,11.03310204,27.690979,16.81738853,15.45063782
13682,WTG-F,85.00099945,84.99971008,84.9994278,-12.99237919,0.638713479,28.88887215,18.73968887,10.2000761
13826,WTG-F,20.90813446,21.01867676,20.41113853,615.0161743,10.09313488,33.45251465,25.3397007,16.1061573
13970,WTG-F,6.661879063,6.759010792,6.141291142,849.4208984,11.70038891,29.23767471,18.84988976,6.645185471
14114,WTG-F,84.99914551,84.99995422,84.99858856,-12.25703335,0.286062837,30.13771248,24.60122681,9.941262245
14258,WTG-F,6.340012074,6.451147079,5.833506584,887.2388306,11.74699306,25.3509388,14.14482689,7.895321369
14402,WTG-F,8.729492188,8.851599693,8.230568886,715.8986816,11.15563679,24.16237068,12.98265266,7.334701538
14546,WTG-F,84.99822235,90.40338135,84.97434998,-1.590758324,0,13.29145908,6.286622047,5.455368996
14690,WTG-F,14.2702713,14.39939308,13.76918125,841.3242188,11.17517185,29.12899208,17.13355827,13.79275799
14834,WTG-F,1.796542764,1.874456286,1.290917039,24.24623108,7.492082119,28.4112587,20.17575073,3.34602499
14978,WTG-F,84.99797821,90.32473755,84.97438812,-6.005709648,0.339905411,-3.899131775,-5.86279583,11.19778728
15122,WTG-F,84.98693085,90.33440399,84.97620392,-14.34495449,0.066034958,3.590605974,-0.045033336,8.460119247
15266,WTG-F,84.99931335,90.40254211,84.97460175,-3.989626646,0.175058767,12.31472015,8.05347538,13.25934505
15410,WTG-F,18.19906616,18.30866051,17.68899536,617.2577515,10.22905254,38.26609039,15.91075993,12.00250244
15554,WTG-F,16.63854408,16.76244545,16.14336205,245.3010559,8.22724247,24.57155418,1.887848616,6.609325409
15698,WTG-F,2.883340359,3.000944614,2.384584188,179.4957428,7.779148102,8.258882523,-4.902040005,4.837722778
15842,WTG-F,14.46109486,14.583395,13.95578766,841.013916,11.22764969,19.00193596,4.218519688,11.76261616
15986,WTG-F,18.07169724,18.19208145,17.56704712,349.2532349,8.436216354,29.0682621,12.77612782,10.69159985
16130,WTG-F,0.294828087,0.716258883,-0.229619876,288.473053,7.465022564,18.18901634,5.22281456,4.906690121
16274,WTG-F,9.536732674,9.651153564,9.033374786,1223.91333,12.85602093,28.72461319,13.34795094,10.51322937
16418,WTG-F,20.80267715,20.90067101,20.30127144,327.0090027,8.463150978,28.15871429,13.99701595,10.69428635
16562,WTG-F,1.673514366,1.78143084,1.176319838,169.0850067,7.495161057,28.92694855,16.67488289,4.484060287
16706,WTG-F,0.09919975,0.232243955,-0.431217879,315.071167,7.462486744,30.8048954,19.8462429,4.619850636
16850,WTG-F,85.00088501,85.00000763,84.99950409,-21.28812599,0.679398656,23.16387367,9.684727669,11.10306358
16994,WTG-F,8.341794968,8.460302353,7.844447136,380.4913635,9.313514709,14.49275398,1.715199232,5.687570572
17138,WTG-F,0.263706595,0.370540589,-0.217698365,246.784668,7.45937109,24.74449921,13.71098328,4.578354836
17282,WTG-F,84.98417664,84.99214935,84.98784637,-19.78190613,0,27.03257942,15.73296642,14.70182133
17426,WTG-F,5.227119923,5.340688229,4.727764606,314.7444153,7.75373888,29.13268471,18.6784687,4.627235889
17570,WTG-F,9.08499527,9.261998177,8.598341942,1703.387695,13.26365852,16.32729721,-1.989503384,9.627391815
17714,WTG-F,0.765251815,0.873760462,0.280800492,218.331665,7.453984737,9.018183708,-2.32498908,4.931609154
17858,WTG-F,1.786114454,1.89258647,1.281778455,130.6157837,7.469008446,16.03938103,3.09012413,3.460315704
18002,WTG-F,5.504366875,5.648542881,5.006746769,2815.094971,13.49196625,27.54633141,10.15842438,9.458400726
18146,WTG-F,7.62082243,7.731787682,7.112222195,878.638916,11.65594769,28.13795662,15.31067467,8.019295692
18290,WTG-F,2.53616786,2.657979012,2.041399956,2715.842285,13.49955273,30.43480492,12.86043358,10.46205425
18434,WTG-F,-0.750741124,-0.628286302,-1.245666623,1645.941406,11.45445728,14.18187618,-0.199029788,7.784778595
18578,WTG-F,-0.70364958,0.227631614,-1.232030988,1758.589355,11.73992252,13.56910324,0.007073818,8.441336632
18722,WTG-F,-0.746359348,-0.627189338,-1.218397498,1231.735107,10.52897358,22.52241325,6.724852562,7.092754841
18866,WTG-F,1.566059947,1.669548631,1.048792958,-13.51915741,7.421397686,21.88586617,11.61707401,3.045757055
19010,WTG-F,-0.70255053,0.003920072,-1.222929239,574.1567383,8.290545464,30.79999924,18.689394,5.82919836
19154,WTG-F,-0.714132905,-0.587724805,-1.232776284,1055.174072,10.10508823,27.62067032,16.05886459,6.021214008
19298,WTG-F,55.60116959,55.6869812,55.08439636,-19.52277756,2.987009048,36.48225021,18.96332932,19.10906601
19442,WTG-F,64.91098785,65.0304718,64.41152954,-18.23762512,2.147364616,24.72178268,6.734041214,18.73060608
19586,WTG-F,7.576395512,7.690881729,7.077354431,1766.401978,13.4240036,15.0852108,-4.006504536,12.10647202
19730,WTG-F,0.643781126,0.761694312,0.139022976,2090.121826,12.44510937,14.40000057,-1.943945765,8.494889259
19874,WTG-F,0.607760131,0.717894793,0.09965013,2107.867188,12.79787731,19.16222191,3.284886122,8.32636261
20018,WTG-F,9.841587067,8.130870819,7.704846859,2844.243408,13.54614449,23.1729908,6.956326962,13.42818737
20162,WTG-F,5.042024612,5.156262875,4.535115719,2835.64624,13.5368042,24.82453728,9.75860405,10.49323177
20306,WTG-F,-0.742007971,-0.634536266,-1.226346731,1603.206909,11.52346706,28.48257256,15.36486626,7.14955759
20450,WTG-F,-0.704234421,-0.599021971,-1.207801223,516.1344604,8.019601822,28.80615997,16.98425293,5.34562254
20594,WTG-F,0.770581186,0.889223635,0.26075092,188.2050171,7.469989777,27.66586685,17.25937653,4.592590809
20738,WTG-F,-0.747472346,-0.625824869,-1.22937727,949.6166382,9.780757904,28.17501259,17.00118065,7.052339554
20882,WTG-F,14.89500904,14.07798576,15.23326111,2857.806396,13.60690308,30.94421387,12.97930241,19.81268311
21026,WTG-F,3.228074312,2.485509872,4.554166317,2561.437256,13.48447132,20.35333061,5.297107697,9.17209816
21170,WTG-F,8.875308037,8.986170769,8.373421669,969.0443115,12.58384514,26.94513893,12.80282879,9.739787102
21314,WTG-F,-0.705517054,-0.57778424,-1.201353192,1502.56665,11.23164654,30.90986633,17.03581429,7.319447041
21458,WTG-F,18.23731232,17.19179916,17.08377647,2735.650146,13.61273003,48.76917267,19.90628815,18.95353699
21602,WTG-F,11.52351856,13.24023533,11.45074654,1865.290527,13.45427608,37.99289703,16.14529037,14.91431236
21746,WTG-F,84.99222565,84.98332214,85.00996399,-17.47709084,0,13.37671566,2.752395391,0.885890365
21890,WTG-F,0.131966546,0.242713049,-0.302172214,2034.615967,12.54389095,33.44302368,10.92405891,7.406695843
22034,WTG-F,85.0079422,85.01147461,85.00846863,-16.84538078,0.563509941,29.02781868,13.92438412,15.15204334
22178,WTG-F,8.879291534,7.414465427,6.030866623,2417.824951,13.44942474,38.96182251,18.96286392,11.61720657
22322,WTG-F,10.12684727,10.24297142,9.625621796,2795.306152,13.43644524,40.62664795,19.09348488,14.8874836
22466,WTG-F,8.590578079,8.702362061,8.110645294,2339.159912,13.62134838,15.46878433,-2.289354563,12.13903332
22610,WTG-F,-0.712858319,-0.61051631,-1.207597971,629.4084473,8.29552269,11.90816116,-3.806582928,6.354026318
22754,WTG-F,-0.455677986,-0.637331069,-0.850627124,1737.631226,11.57705116,13.56059074,-3.024475336,8.854469299
22898,WTG-F,-0.323738217,-0.174917892,-1.20445621,452.4929199,7.50138855,13.34455109,0.100424066,5.377043724
23042,WTG-F,4.656433582,4.761902809,4.220009804,-21.45027161,3.728293419,17.55026436,9.245764732,1.296609163
23186,WTG-F,-0.728714764,-0.627228498,-1.192336082,1373.107544,10.96757317,28.09999847,13.77591801,6.599533558
23330,WTG-F,7.075764179,7.179563522,6.641790867,2826.994141,13.47059536,39.13451385,18.14454269,11.39972973
23474,WTG-F,9.254262924,9.355297089,8.812560081,2518.079102,13.44599915,43.80131531,23.16574478,12.0572319
23618,WTG-F,2.848679066,2.955210924,2.411909342,2707.246826,13.41782284,42.21118546,23.9521637,11.53422451
23762,WTG-F,85.01321411,84.98612213,84.98925781,-18.70484352,0.493625969,40.18078613,26.04133415,12.09777546
23906,WTG-F,18.3946476,18.5045681,17.96826553,905.0337524,11.50950813,34.48036957,21.13006783,15.03805256
24050,WTG-F,0.536007106,0.639864266,0.102531493,2085.136475,12.68773842,29.32102203,16.01588631,8.643536568
24194,WTG-F,-0.570512772,-0.470798045,-1.007940292,1786.869141,11.86680031,18.51976776,2.374000549,8.72790432
24338,WTG-F,1.387448072,1.490549088,0.953682005,52.79967117,7.482872009,13.69344139,2.976683378,3.403341055
24482,WTG-F,1.749525428,1.850185394,1.313678503,5.634538174,7.491313934,18.06161499,9.820754051,2.774532795
28802,WTG-F,84.98522949,85.01600647,85.02581787,-1.669684649,0.011962881,21.61576653,14.88340282,9.424990654
28946,WTG-F,84.98725891,85.00862122,85.02431488,-1.648481011,0,17.76575661,15.5949955,2.644886732
29090,WTG-F,84.98723602,85.0085907,85.02430725,-1.751059175,0,24.31216621,25.7621994,18.32352066
29234,WTG-F,84.98727417,85.00862122,85.02427673,-1.755099058,0.24977167,23.28241158,24.05579376,11.21459007
29378,WTG-F,84.98725891,85.00858307,85.02431488,-1.64500308,0.183665544,18.30615425,20.87446785,18.17282677
29522,WTG-F,85.01769257,85.01595306,85.01532745,-1.765984297,0.123336658,24.66275215,26.89455032,20.99535561
29666,WTG-F,-0.725708067,-0.624931395,-1.15974915,709.7105103,8.869986534,28.13439751,13.78069019,5.658885956
29810,WTG-F,10.50047684,9.103536606,12.121521,2808.948486,13.4120512,56.43348312,19.97429657,15.95961189
29954,WTG-F,10.86628819,10.99229908,10.45095348,2070.730469,13.53404427,33.92953873,21.07478142,14.04898262
30098,WTG-F,-0.730238199,-0.625231504,-1.172084212,1473.910889,11.23010921,27.65076065,14.75876617,6.426513195
30242,WTG-F,-0.737959325,-0.339391977,-1.172646761,1560.682983,11.37057781,29.85053253,14.77149391,7.552023888
30386,WTG-F,-0.70849371,-0.608750522,-1.146065831,1489.365723,11.26757908,29.17652321,15.77438354,7.995744705
30530,WTG-F,11.14986324,11.78868103,10.80311203,2854.475586,13.54594517,39.89940262,19.69501495,14.16044044
30674,WTG-F,6.638065338,6.741016865,6.196441174,2844.448975,13.49210262,41.30327225,27.78112411,13.16315651
30818,WTG-F,10.84199715,10.6299963,10.16145706,2804.769287,13.26256084,46.49002457,28.01055145,12.79253769
30962,WTG-F,14.60374832,14.93561649,14.50690079,2880.935791,13.27978802,47.08046341,27.87674141,16.39736748
31106,WTG-F,-0.748472691,-0.6454193,-1.186695457,889.3245239,9.642192841,38.54909515,26.91337585,6.922449589
31250,WTG-F,-0.75573796,-0.655438304,-1.198211074,1443.478394,11.20014477,33.50234985,21.77915382,8.191833496
31394,WTG-F,-0.725122392,-0.623963356,-1.158913136,729.0317383,9.009813309,29.47583008,18.02560997,6.414000034
31538,WTG-F,20.72615242,20.83049202,20.28900719,110.2804565,7.730314732,32.40518188,21.77121162,9.554676056
31682,WTG-F,4.281883717,4.382386208,3.843043566,2813.827148,13.47514725,41.28817749,23.14320183,11.24523926
31826,WTG-F,2.107439756,2.209545135,1.664662719,2618.695313,13.43009758,60.84192657,26.03235054,9.771540642
31970,WTG-F,11.77837086,11.86652756,11.33737278,2827.259033,13.55621433,48.9110527,27.95308113,15.61690331
32114,WTG-F,85.00580597,85.00640106,85.00311279,-10.40193176,0.251582533,35.24187469,26.16735268,1.633155704
32258,WTG-F,1.977969527,2.088047028,1.538823485,2600.89209,13.43314743,42.70174789,24.11784744,9.826041222
32402,WTG-F,16.7326355,14.14120293,14.51988602,2801.931641,13.43055248,35.17633057,14.1038866,18.23615265
32546,WTG-F,-0.688456595,-0.581293166,-1.121902466,429.726532,7.559839249,28.23341179,15.84911442,4.863181114
32690,WTG-F,85.00009918,84.99990845,85.00012207,-15.95008755,0.637602448,33.28428268,16.11311531,2.295579672
2,WTG-G,9.425272942,9.433693886,9.422455788,534.0072021,12.25119972,40.25576401,38.76427841,5.357078075
146,WTG-G,9.165966034,7.400463104,9.530949593,2058.967041,13.34318256,37.25753021,34.97184753,10.21258259
290,WTG-G,-0.826409817,-0.823402762,-0.86459291,711.1123657,8.997192383,32.79250717,27.84132576,6.71208477
434,WTG-G,6.165232182,6.170487404,6.163364887,484.6774902,9.773391724,34.73273087,29.01516914,5.924681664
578,WTG-G,7.98636961,7.019377708,6.619702339,1052.557617,13.00594234,33.92714691,32.99763107,7.118915081
722,WTG-G,6.022247791,6.019987583,6.018716335,1858.134033,13.4014883,34.4901886,32.78759384,9.03523922
866,WTG-G,8.530391693,8.529998779,8.526916504,635.2210083,10.66586685,35.78602219,34.72603226,7.305699348
1010,WTG-G,11.38058662,11.38566208,11.38245678,455.4354858,10.01763153,36.71202469,36.91625214,8.41919136
1154,WTG-G,4.961119652,4.965057373,4.958829403,1291.270508,12.49459553,37.39944458,36.79844666,7.361078739
1298,WTG-G,-0.834968328,-0.828844547,-0.838475168,465.2573242,7.85092926,37.5970726,35.86024475,5.241942406
1442,WTG-G,2.355285406,2.36120677,2.356984138,2019.016479,13.39658833,36.39111328,34.06384277,8.792269707
1586,WTG-G,1.836889267,1.764108062,1.846121192,-15.60913467,7.620427132,30.71755219,26.23735809,2.100219011
1730,WTG-G,84.0098877,83.91361237,83.86632538,-13.03606319,0.267111927,30.03775978,27.72911072,0.299696237
1874,WTG-G,18.21318817,18.21444511,18.21497345,-18.45457649,4.843304157,31.17004013,27.11862564,0.968936145
2018,WTG-G,85.01572418,85.01151276,84.99742126,-13.10765171,0,34.24618912,30.79123306,0
2162,WTG-G,-0.398402929,-0.406240553,-0.405874133,2147.488281,12.86773014,34.12921524,29.2725029,5.569895267
2306,WTG-G,0.531216502,0.549559236,0.551632404,2166.008301,13.1720705,34.5331459,30.95212364,9.234327316
2450,WTG-G,84.99232483,84.98428345,84.97674561,-7.296507359,0,30.19691849,26.80256462,7.339822769
2594,WTG-G,0.536738813,0.496224225,0.482696414,2121.942627,12.98325253,37.633358,32.01722717,8.11051178
2738,WTG-G,2.265696764,4.833900452,2.350749254,2102.387207,13.20905972,40.39001465,36.79994583,8.685941696
2882,WTG-G,4.224319458,4.219960213,4.224711418,2189.281006,13.40981007,40.02803421,37.68828964,8.896247864
3026,WTG-G,14.46568012,11.56147861,13.24994946,2287.07959,13.90792847,26.73526573,24.00168419,15.2474556
3170,WTG-G,0.289792866,4.008285999,2.876191378,2756.776123,13.39665031,32.97763062,27.23142624,10.14748287
3314,WTG-G,9.088238716,9.112476349,9.101039886,2478.99585,13.5570507,32.84531021,26.03856659,12.29500294
3458,WTG-G,1.149431467,1.14694345,1.146070361,122.2047729,7.460738659,32.05816269,26.34055328,3.603705406
3602,WTG-G,84.97471619,84.98239899,84.97471619,-4.387290478,0.187378854,27.15138817,21.94481277,4.694946766
3746,WTG-G,-0.782305181,-0.784882247,-0.782198787,431.2792664,7.559623241,27.7299633,19.86660194,5.034410954
3890,WTG-G,-0.866275489,-0.862674475,-0.874910951,679.8911743,8.831975937,29.87089539,22.97047043,5.638222694
4034,WTG-G,3.201636076,5.509190559,7.391118526,2163.118164,13.37493038,29.10712051,27.97465515,9.23154068
4178,WTG-G,84.97602081,84.97537994,84.9759903,-3.26699543,0,24.09907532,21.84247398,8.634624481
4322,WTG-G,5.147137165,5.162312508,5.146973133,2295.216309,13.00878429,33.62672806,29.89106178,10.25630665
4466,WTG-G,1.65246439,1.646722436,1.646392941,134.0406342,7.427577019,30.21030807,23.98784065,3.658662558
4610,WTG-G,-0.846442759,-0.848795712,-0.849137247,648.6981201,8.620428085,31.12890053,23.82230186,5.592619896
4754,WTG-G,0.975863457,1.074485421,1.071763515,2231.248291,13.30760193,32.47625351,27.69247627,9.511040688
4898,WTG-G,6.424209595,4.207742214,4.289050102,2815.945068,13.49213982,37.64889145,33.78689575,12.05253887
5042,WTG-G,1.729466081,1.726226926,1.724459887,-28.33576584,6.68091011,30.59599495,29.78060722,2.105554819
5186,WTG-G,-0.840851009,-0.844720542,-0.842570782,1772.701538,11.9778986,25.8566246,20.9316082,6.718138695
5330,WTG-G,3.308287144,4.029102802,3.540786982,2778.873779,13.14039898,35.36195374,30.75059128,7.219322681
5474,WTG-G,13.75168037,13.43093395,14.10159397,2869.88208,13.52787304,27.01931381,20.90337563,17.82587624
5618,WTG-G,8.991337776,10.76228142,8.893392563,2879.95874,13.45765209,27.90772247,22.8445015,13.62330437
5762,WTG-G,-0.852270186,-0.852647781,-0.871602833,382.6250305,7.457826138,28.54275703,20.89703369,5.670544147
5906,WTG-G,1.13264811,1.14644289,1.131479263,148.6819,7.434389114,31.60587692,24.89450645,3.797396421
6050,WTG-G,-0.837088108,-0.836696744,-0.83167392,1644.294067,11.58508587,24.95144463,17.10426712,7.859888077
9362,WTG-G,17.80166817,17.77661514,17.78320503,-28.14679527,7.229659557,29.11771393,23.71586418,8.904801369
9506,WTG-G,85.00010681,85.00010681,85.00009155,-21.68630219,0.611989915,25.86712646,18.96809769,15.96532726
9650,WTG-G,1.403423071,1.425347447,1.452895641,122.6524811,7.437024593,17.08411789,12.12874222,3.856149673
9794,WTG-G,2.468082905,2.469681501,2.473160982,2691.818359,13.38389206,25.47978592,19.80631828,10.42105865
9938,WTG-G,0.490668774,3.736176491,3.39377594,2673.843994,13.40589046,27.76228714,23.76906586,9.758493423
10082,WTG-G,-0.523997128,0.318062365,2.937566519,2344.050537,13.40437222,22.21785927,19.05765915,8.77691555
10226,WTG-G,0.159956738,0.147097498,0.160034716,313.9790649,7.440581322,30.88730049,24.8956356,4.998015404
10370,WTG-G,1.353572369,1.354347587,1.362067819,118.9160843,7.443243504,26.72388268,22.74329567,3.967731714
10514,WTG-G,0.627920032,0.662766874,0.647357404,197.1010284,7.46487236,28.26902771,20.70712471,4.007305622
10658,WTG-G,-0.858705521,-0.884909689,-0.847315848,1299.914307,10.83086395,29.51161575,26.93285179,7.491405487
10802,WTG-G,10.80814457,10.81237698,10.81097603,550.784668,9.439063072,29.2056942,21.7459507,8.468536377
10946,WTG-G,1.447164416,1.446298003,1.449460268,-10.95967865,7.774716854,21.01418114,18.0439682,2.460670948
11090,WTG-G,12.48100567,8.823619843,9.121703148,1486.168213,13.3626709,26.94173622,20.94174576,10.34874439
11234,WTG-G,-0.829147398,-0.864000797,-0.842803955,395.6572876,7.429021835,16.23464584,8.965985298,4.86600399
11378,WTG-G,4.25596571,4.252831936,4.255952835,110.2885361,7.843714714,19.04468346,12.4232502,2.881265402
11522,WTG-G,84.99443817,85.00582123,85.00063324,-17.06905174,0,22.69964218,14.69630718,9.021936417
11666,WTG-G,10.92342377,10.91455555,10.90882778,823.1203003,11.46527863,32.37545776,22.7401123,9.04669857
11810,WTG-G,20.18540192,20.18577385,20.18953705,360.5509033,8.584347725,23.52132416,16.96607399,12.0405302
11954,WTG-G,11.65885258,11.66382599,11.66220951,697.7058105,10.50502014,21.34768677,13.07474422,9.467298508
12098,WTG-G,19.29446602,19.29741669,19.30010605,-23.49416161,7.795521259,24.82485962,18.77070427,8.497262001
12242,WTG-G,14.84143639,14.83024311,14.83012867,426.4844055,9.820021629,27.80798531,21.82043839,9.480240822
16418,WTG-G,19.81263351,19.82540703,19.82158089,249.6352997,7.908770561,31.04230309,17.89247704,8.259375572
16562,WTG-G,0.638580143,0.639683604,0.627223551,222.2971191,7.416577339,32.05239105,18.8416748,4.859364986
16706,WTG-G,0.758745253,0.759955227,0.760333896,281.0128174,7.426150322,32.40812683,21.63215828,4.286329746
16850,WTG-G,39.35552979,39.38705063,39.36278915,-23.10238075,6.093583107,23.10604286,13.77526283,10.87997913
16994,WTG-G,4.053734303,4.053202152,4.052177906,566.4300537,8.903264046,12.53809547,4.763595581,5.709867001
17138,WTG-G,1.562771678,1.571021199,1.573379517,5.937853813,7.422581196,27.36801529,15.17220592,2.799289465
17282,WTG-G,85.01605988,84.98537445,84.99460602,-21.09110832,0.306634009,28.45058632,17.27576447,11.3323679
20594,WTG-G,1.632265329,1.642100692,1.641329885,55.2146492,7.431200027,31.13128853,19.16331291,3.057339191
20738,WTG-G,0.985209405,1.010113716,0.993401587,2403.318848,13.41821384,30.26980209,19.22104645,9.583616257
20882,WTG-G,9.809505463,8.768619537,7.426375866,2841.464355,13.42677402,22.7738533,16.92503929,10.95914936
21026,WTG-G,2.792526722,1.097203493,-0.39073059,2307.010742,13.09199715,17.46011543,9.832267761,9.113910675
21170,WTG-G,8.0625,5.725084305,9.102804184,1120.608643,12.75613022,22.94485283,14.39007568,8.751765251
21314,WTG-G,-0.847828269,-0.857519329,-0.754654467,1213.140747,10.52111053,28.32672119,18.97808075,6.997084141
21458,WTG-G,12.99918365,15.14045811,11.62908459,2789.914307,13.60335827,31.75591087,24.98090363,16.87135887
21602,WTG-G,13.38609028,10.68161201,11.96419811,1882.36377,13.37106419,25.75798035,21.91757011,16.09103394
21746,WTG-G,84.98391724,84.98623657,85.00701904,-16.2779274,0,11.30084229,4.683424473,1.237718225
21890,WTG-G,-0.829927325,-0.840452194,-0.817352653,1157.314697,10.31069183,23.44355011,11.78937244,6.629190922
22034,WTG-G,85.01148987,85.00791931,84.99780273,-11.23168468,0.219515353,25.9319973,15.02894211,7.902081966
22178,WTG-G,5.29201746,4.347465992,6.850249767,2402.9021,13.48635674,30.92720985,22.68789101,8.098800659
22322,WTG-G,9.850894928,9.816069603,9.818325996,2803.561035,13.4256897,32.90778732,24.00101089,12.14574146
22466,WTG-G,5.190386295,5.670987606,5.650145054,1816.966675,13.06834507,13.95012474,1.774026155,9.706267357
22610,WTG-G,-0.854484975,-0.84641099,-0.869876027,692.2700806,8.599563599,8,-1.244177938,6.009592533
22754,WTG-G,1.645558715,1.650134563,1.63344717,151.2632141,7.447692871,7.799635887,0.033149187,4.287415028
22898,WTG-G,1.116544366,1.121332169,1.154317141,91.35301971,7.393883705,10.07871914,2.958935022,3.844117165
23042,WTG-G,1.150016427,1.152527213,1.154049277,-21.08734322,4.141527653,13.09778976,11.88666821,2.035013437
23186,WTG-G,-0.690285861,-0.68574357,-0.679489791,1871.063599,12.04924107,25.5734272,14.8718853,7.860910892
23330,WTG-G,-0.71582377,-0.750990927,-0.7077443,1595.93103,11.42658329,26.40436172,21.78400612,7.011858463
23474,WTG-G,5.096888542,6.999613285,4.420364857,2181.639893,13.40972996,32.03260422,26.75343323,10.09524536
23618,WTG-G,2.704652548,2.697999239,2.701400757,2044.398315,13.36314487,32.80545807,25.86890793,8.741876602
23762,WTG-G,85.0182724,85.01840973,84.99558258,-16.09614182,0.238705784,32.41411591,28.96964455,9.181406021
23906,WTG-G,16.35269737,16.34372902,16.35542297,873.4832764,11.55265141,32.28134918,24.2972374,14.04366112
24050,WTG-G,-0.855681717,-0.816798389,-0.852814138,1409.862183,11.08790493,26.59046745,21.94713783,6.99256897
24194,WTG-G,-0.822676003,-0.806975543,-0.851934314,1593.216187,11.32088947,17.52527046,4.33070612,8.492768288
24338,WTG-G,1.287020206,1.298669696,1.300861835,183.2336578,7.455662727,9.788722992,5.739325523,4.504905701
24482,WTG-G,1.518722653,1.515260577,1.519501209,126.6675262,7.45108366,14.60867977,11.94905281,3.551594973
28802,WTG-G,-0.782412529,-0.832172215,-0.774146616,1819.185669,12.0031147,23.91976166,19.11274719,8.014181137
28946,WTG-G,85.00696564,85.00489044,85.00588226,-20.30804634,0.098492533,26.55149841,20.40163422,0.010129043
29090,WTG-G,32.22449493,32.21238708,32.21559525,-16.92037582,5.003644943,38.44439697,29.92861938,11.09235001
29234,WTG-G,1.220337868,1.213823915,1.218442202,2229.295654,13.28322029,34.36223984,26.79230881,9.665967941
29378,WTG-G,85.01075745,85.00428772,85.01247406,-11.59139156,0,31.62437248,22.97800827,9.598395348
29522,WTG-G,8.430711746,9.591701508,8.456012726,2828.028076,13.50114632,40.34753036,34.05552292,12.40930939
29666,WTG-G,-0.322834045,-0.332503617,-0.323840111,381.1551208,7.430905342,24.78933716,17.80202484,4.650660515
29810,WTG-G,0.827639341,3.568440199,-0.019656165,2346.169434,13.41254044,31.59974098,24.26945686,9.816216469
29954,WTG-G,8.211619377,7.082738876,6.682766914,1654.560669,13.27555084,30.48133659,26.76437187,9.089312553
30098,WTG-G,-0.841844976,-0.854433835,-0.851887882,746.9060059,9.000419617,29.42993736,17.9230175,6.126530647
30242,WTG-G,-0.866057813,-0.83441776,-0.678313851,1612.662598,11.53579426,29.20653915,18.70479202,7.544827461
30386,WTG-G,-0.841252685,-0.841208756,-0.835133672,1209.626099,10.59886932,31.59089088,17.98799133,6.718026638
30530,WTG-G,6.275403023,8.716975212,4.975592613,2937.644531,13.68038654,32.7651062,24.13887024,14.70004082
30674,WTG-G,7.198531151,7.198802471,7.201040745,2806.294922,13.38247108,37.44599152,30.92940903,11.9355545
30818,WTG-G,7.007962704,7.863390446,7.863380909,2813.127686,13.11702442,39.96290588,33.87050247,14.99116898
30962,WTG-G,14.35713863,16.6240921,16.97353554,2852.406494,13.49319172,40.61388397,33.78489685,19.54061127
31106,WTG-G,-0.868166745,-0.837158024,-0.843851566,1634.841064,11.75335312,35.79374313,30.31494904,8.047581673
31250,WTG-G,-0.855991185,-0.84300977,-0.859900832,463.9367065,7.785233974,32.33306503,23.92860031,4.83096838
31394,WTG-G,-0.822720408,-0.819455326,-0.81447202,493.7895508,7.912146568,28.93723869,20.08560753,4.335991383
31538,WTG-G,17.24805832,17.25082779,17.25030899,76.12781525,7.720021725,32,25.40024185,7.79927969
31682,WTG-G,2.227654457,2.234002113,2.226295948,2766.473389,13.41528034,34.03881454,27.82745361,9.997995377
31826,WTG-G,1.618753791,1.618123293,1.621469736,2489.603027,13.41366863,36.70034409,30.80038261,9.6634655
31970,WTG-G,6.026807785,6.027713299,6.030447006,2810.984375,13.48691082,39.66308975,34.78246307,11.84002686
32114,WTG-G,85.01474762,84.9952774,85.00463104,-12.43254948,0.241337866,33.45645523,28.71658134,0.809515417
32258,WTG-G,-0.855520487,-0.827062786,-0.828787684,1263.563965,10.71543789,32.66981506,25.88327408,6.620983124
32402,WTG-G,85.024086,85.00014496,85.01612854,-9.518358231,0.642203927,24.55764389,16.7424984,13.42545128
32546,WTG-G,1.138733506,1.141096711,1.133864641,169.4448853,7.419151783,26.88292694,17.758358,3.586361408
32690,WTG-G,1.179066062,1.157206416,1.167816401,191.7692108,7.420424938,27.61882401,17.20176506,3.68884325
2,WTG-J,8.552727699,7.591919899,6.595003128,1936.787476,13.49878883,55.15758514,35.09822845,9.379014969
146,WTG-J,10.1906786,9.326060295,7.632445812,1289.851318,13.67119694,52.21696854,32.82483292,8.144165993
290,WTG-J,0.339794368,0.489113867,0.002061493,309.2362366,7.978415966,44.82255936,26.97611809,4.611792564
434,WTG-J,5.799572468,5.937038898,5.453767776,599.3881226,10.19969463,44.32370377,28.89803123,5.884134769
578,WTG-J,10.6063776,7.706696033,7.249510288,1939.375122,13.5120554,55.67525864,30.81633186,9.950777054
722,WTG-J,7.790432453,7.927460194,7.448413372,2341.153564,13.53783512,52.42287827,29.77492523,13.35758686
866,WTG-J,11.618083,9.373495102,10.57183075,1349.950317,13.37018776,54.46042633,32.74323273,10.57526398
1010,WTG-J,11.13383102,11.27653503,10.79389381,1196.380005,12.89496803,54.05144501,33.04111481,11.81039524
1154,WTG-J,6.149093628,6.295654774,5.800678253,1933.92749,13.57260036,56.57417679,33.78808212,9.616322517
1298,WTG-J,-0.776682436,-0.621174276,-1.145305276,355.6606445,7.51458931,56.38673019,34.14282608,4.574687481
1442,WTG-J,3.973156691,4.118810177,3.630131245,1816.028931,13.4679327,53.60490417,31.7470665,8.77236557
1586,WTG-J,1.537566423,1.682379246,1.190525055,0.603062868,7.755812645,41.9666748,25.11221504,3.223948479
1730,WTG-J,83.42871094,83.41601563,83.42281342,-8.543755531,0,33.16332626,27.01181602,0.069943279
1874,WTG-J,64.28488159,64.30831146,64.16860199,-8.492311478,0.221313238,42.45787048,25.68963623,3.3770082
2018,WTG-J,84.39117432,85.01203156,84.99151611,-3.125229597,0,41.26942825,28.77004623,1.422031641
2162,WTG-J,0.414857388,0.550205052,0.06257958,2235.706543,13.4297142,55.10493088,29.74799728,6.45673275
2306,WTG-J,-0.097271375,0.047523107,-0.438092947,2128.2146,13.09390926,46.46854019,29.97990799,4.996460438
2450,WTG-J,0.230387837,0.341312528,-0.11272084,2144.692627,13.11984158,49.76369476,27.12719727,8.844133377
2594,WTG-J,1.820607066,1.968530774,1.481076717,2656.891113,13.50902367,54.99608994,31.05218315,10.02929211
2738,WTG-J,6.584679604,6.725198269,6.243747234,2456.789551,13.44128036,56.40684509,33.8080864,11.08476257
2882,WTG-J,9.638936043,9.783103943,9.295717239,2396.862549,13.5261097,55.91756821,33.05099869,13.83629036
3026,WTG-J,18.20626831,18.03384972,16.54231834,2277.068848,13.47383404,42.7805481,20.70680237,20.54771614
3170,WTG-J,6.316056728,6.460002899,5.975845337,2839.099854,13.48900795,34.42486191,25.77913857,12.12529087
3314,WTG-J,12.37426853,10.25167465,12.4565239,2479.907471,13.50388432,35.24108124,26.34883499,12.54417706
3458,WTG-J,1.203551173,1.363469124,0.855733752,113.8374786,7.498569489,32.31351471,24.66633034,3.098492146
3602,WTG-J,1.677252889,1.704066753,1.588667512,25.48177147,7.493979931,29.76678848,21.72237968,3.131114721
3746,WTG-J,0.670254529,0.697251022,0.576155186,210.5596313,7.474123955,26.61638641,18.90616035,3.909826517
3890,WTG-J,-0.831751168,-0.795190632,-0.937754691,1085.037476,10.24663925,28.72186279,20.94287109,7.101893902
4034,WTG-J,8.014076233,7.427863121,9.865120888,2481.370605,13.44234943,30.89009476,24.10603714,11.2722578
4178,WTG-J,5.949232578,6.603634834,7.082801819,1832.687866,13.23063755,31.07885742,23.90530777,7.458184719
4322,WTG-J,9.543395042,9.572753906,9.570585251,2561.615234,13.50133228,34.4380455,26.11651421,12.62033558
4466,WTG-J,1.681754231,1.696679831,1.563701272,110.060257,7.472350597,29.35313606,22.77160263,3.658938885
4610,WTG-J,-0.771589518,-0.747101724,-0.875057518,773.4478149,9.191742897,30.20135117,22.09339714,4.910711765
4754,WTG-J,0.620072842,0.655623794,0.546984136,2190.01416,13.14060497,33.79999924,25.95480537,8.66086483
4898,WTG-J,11.42241192,11.47568321,11.34563541,2807.857422,13.5621109,38.36633301,29.95321465,13.434659
5042,WTG-J,7.370288372,7.406963348,7.283327103,-11.22896862,3.727956057,32.51581955,27.69633484,2.233384371
5186,WTG-J,3.81663084,3.844362259,3.724463463,2839.024902,13.50330639,28.16232491,18.86327362,9.574055672
5330,WTG-J,6.093951702,6.119418144,6.002907276,2859.9646,13.54216385,36.71133041,27.82449532,9.693047523
5474,WTG-J,8.206363678,8.238529205,8.121130943,2797.986816,13.41598034,28.09711456,18.82657623,13.19318295
5618,WTG-J,9.589202881,9.61774826,9.49406147,2839.770996,13.56611538,46.94530106,19.80412102,12.26201916
5762,WTG-J,1.197845697,1.208619118,1.104451656,148.6147156,7.501804352,43.06525803,19.32219315,4.108026028
5906,WTG-J,1.641469002,1.664660692,1.533787012,87.9511261,7.510519028,43.13092804,23.85946274,3.632516146
6050,WTG-J,-0.252548486,0.048255354,-0.164635226,2011.891235,12.691535,52.25199127,16.83612442,8.591901779
9362,WTG-J,27.36220932,27.79821014,27.26239777,-25.6833725,7.876947403,51.51995468,20.76543808,12.58761883
9506,WTG-J,85.00001526,85.00017548,85.0003891,-9.38560009,0,42.99367905,17.24429512,9.495014191
9650,WTG-J,1.664049029,1.690261483,1.575712085,-12.07758236,7.44192934,27.7847023,11.05594635,3.146347761
9794,WTG-J,7.063325882,7.101373196,7.011924744,2817.141846,13.45667648,56.01642227,17.81648445,11.00980759
9938,WTG-J,5.975761414,5.998456955,5.886379242,2864.102783,13.59785652,51.11700821,20.05471992,12.78218555
10082,WTG-J,3.307829142,3.342747211,3.214498758,2825.974121,13.47829628,49.711483,16.80319595,10.42036533
10226,WTG-J,-0.833063304,-0.807424545,-0.922815681,538.0735474,8.295722008,45.22149277,23.83958054,5.350057602
10370,WTG-J,1.759976029,1.795567513,1.663533211,-10.49531364,7.278105736,40.01079178,20.86903191,2.211800337
10514,WTG-J,-0.80494988,-0.784262836,-0.892663419,884.1838379,9.643259048,37.55039597,20.7963047,6.38279295
10658,WTG-J,2.458787918,-0.486224145,2.757934809,2593.113037,13.48911667,60.5,25.81693077,8.850992203
10802,WTG-J,12.86256313,12.89612198,12.78194141,746.6087646,10.98547268,38.00395203,19.68119812,10.45164871
10946,WTG-J,52.91056442,52.93233109,52.81675339,-11.32576084,0.341636717,27.84693527,16.22692108,1.617050409
11090,WTG-J,12.3447876,11.07046413,13.46363163,1632.429199,13.34615993,38.63961411,17.92442322,10.47533226
11234,WTG-J,85.0092926,85.02310944,85.00422668,-2.920451164,0,17.34914017,6.78875351,5.85019207
11378,WTG-J,4.044105053,4.064570904,3.952820063,372.887085,7.742571831,29.88018036,10.28241825,4.750141621
11522,WTG-J,85.00854492,85.00894165,85.01831818,-2.077623129,0.460963458,26.48698425,13.13761234,9.77672863
11666,WTG-J,84.98434448,84.98640442,84.97682953,-3.794144154,0.510857344,27.39771652,19.5906601,8.809732437
11810,WTG-J,20.4698658,20.244627,20.37752724,377.8075562,8.843851089,27.25899887,13.09507275,11.29658127
11954,WTG-J,14.51787758,14.54480553,14.42965126,776.3313599,11.03960133,28.94576836,11.90860653,10.40832329
12098,WTG-J,84.99949646,84.9989624,85.00053406,-9.77579689,0.427410185,28.96704865,15.38505554,11.36552143
12242,WTG-J,14.32234097,14.35484219,14.26766872,774.2438354,11.08598232,34.52066803,19.02570915,11.86713123
16418,WTG-J,21.54405975,21.57758522,21.45457458,349.663208,8.463493347,30.75868225,15.08250523,11.50271893
16562,WTG-J,1.680435419,1.694496512,1.571965218,42.92811203,7.496347904,34.83708191,18.06493378,3.437565327
16706,WTG-J,0.184433252,0.203095719,0.087560415,266.4674988,7.490463257,37.88986588,21.76838684,4.462341785
16850,WTG-J,24.37744904,24.41488457,24.29561043,-9.821855545,8.033853531,24.00901222,10.75314617,13.29232216
16994,WTG-J,2.363373756,2.387341976,2.268440008,482.7650146,8.549865723,22.69519424,5.044239044,5.610107899
17138,WTG-J,1.661093473,1.684877872,1.572920442,102.6076736,7.445336819,34.38401794,15.77010727,3.70761013
17282,WTG-J,84.9977417,84.97707367,84.98829651,-3.361173391,0.40806669,20.20331192,13.91371059,11.58662319
20594,WTG-J,85.01866913,85.02141571,85.02495575,-7.623944759,0,34.12132645,17.33816719,4.551155567
20738,WTG-J,-0.035212941,-0.002059989,-0.107424192,2151.875244,12.98728085,38.16794968,17.3561821,8.476490974
20882,WTG-J,13.38948059,13.79519558,13.46156788,2869.291992,13.56462288,47.69745255,14.08080959,15.75103569
21026,WTG-J,5.496787071,2.86063695,1.847080231,2810.287598,13.46482944,38.92001343,6.485416412,9.177236557
21170,WTG-J,9.656217575,9.682601929,9.569931984,1186.683105,13.18498135,39.50509644,13.74142647,9.993086815
21314,WTG-J,-0.827903867,-0.810746253,-0.914333582,1545.810791,11.51309776,48.38372803,18.76961899,7.097792149
21458,WTG-J,15.31883907,13.95745087,14.16767788,2771.183105,13.44972801,51.53095245,21.05191231,17.13463783
21602,WTG-J,9.017692566,9.048704147,8.941422462,1652.811401,12.67127705,45.36734772,18.1995945,11.328866
21746,WTG-J,1.535948992,1.567631721,1.485576391,-10.67474174,3.754452944,20.9558506,8.95645237,2.650516033
21890,WTG-J,-0.869603157,-0.835973859,-0.888609886,1532.983521,11.3638134,41.13589859,9.991380692,7.522031307
22034,WTG-J,18.87530518,18.91371727,18.84073067,490.2949219,9.524068832,34.6932869,16.02348518,11.32422447
22178,WTG-J,7.696087837,7.728572845,7.643310547,2430.411865,13.46669579,53.6068306,20.79154015,11.63038445
22322,WTG-J,-0.847723782,-0.82605046,-0.877724111,1344.650635,10.39726067,58.09999847,23.81270981,7.064311504
22466,WTG-J,6.229008675,6.268778324,6.179563522,2353.572021,13.38900089,29.05741882,2.077482939,9.65019989
22610,WTG-J,-0.354950637,-0.327558666,-0.397945106,377.0873108,7.489456177,17.32856369,1.992786765,4.864554882
22754,WTG-J,-0.825235605,-0.792012632,-0.876555383,1382.861694,10.81438828,19.02553177,3.183950186,5.95109272
22898,WTG-J,1.157011747,1.183024883,1.10085547,158.1248627,7.511645794,20.49999809,5.906992912,3.650804281
23042,WTG-J,69.30355835,69.34401703,69.32173157,-3.057954311,0,20.27496529,8.486753464,0.703508198
23186,WTG-J,1.24500823,1.278890491,1.192430735,2256.611816,13.31351852,37.37083817,13.20868397,8.979661942
23330,WTG-J,4.296515465,1.103384018,1.250932097,2643.256592,13.4416256,57.8792572,20.37664413,9.114498138
23474,WTG-J,7.548335075,7.585561752,7.500203133,2452.323486,13.49472046,56.20767593,24.17500496,9.158062935
23618,WTG-J,2.609632969,2.639131546,2.555287123,2309.822266,13.4782486,54.76924896,24.94474411,9.767139435
23762,WTG-J,85.015625,85.01779175,85.00032043,-2.54565239,0.239632055,52.50960159,27.62207031,10.71573353
23906,WTG-J,17.608675,17.62971115,17.56170845,898.4344482,11.54700565,42.21669006,22.15226173,13.53516102
24050,WTG-J,-0.788857341,-0.787857771,-0.852244377,1609.207275,11.69250965,48.41621017,18.94990158,8.109269142
24194,WTG-J,2.106686592,2.139208078,2.091324568,2480.257813,13.40088272,25.49999809,3.32331562,8.937566757
24338,WTG-J,1.744392753,1.76097393,1.674740791,100.1732407,7.487925529,18.38527489,5.212333679,3.672924519
24482,WTG-J,1.509108067,1.537137866,1.462778091,16.59292793,7.501647949,19.57757378,10.97401237,2.981992483
45074,WTG-J,-0.837430358,-0.813124835,-0.912892222,959.1326904,9.883151054,35.74263382,27.18219566,6.89165163
45218,WTG-J,-0.848780036,-0.813482761,-0.900870979,1457.351318,11.41271591,39.65028763,29.88783455,7.350522041
45362,WTG-J,-0.862027943,-0.805391908,-0.90515244,1178.147827,10.63309288,42.93506241,31.0846405,7.113144398
45506,WTG-J,4.324635506,4.355014801,4.270911217,2842.844482,13.51534176,44.73510742,36.93154526,10.71453857
45650,WTG-J,3.33771348,3.35844183,3.281005859,2670.442627,13.47621346,47.30583191,39.98616791,8.675439835
45794,WTG-J,1.2549088,1.319720149,1.204545617,2335.895508,13.47668076,50.29319,40.98574829,8.544917107
45938,WTG-J,2.572469473,2.599058867,2.521241665,2856.344482,13.5755434,44.79571915,35.90593719,10.89373589
46082,WTG-J,3.245256424,3.277605772,3.195582867,2816.796143,13.52677345,48.54058838,39.11124039,9.545430183
46226,WTG-J,-0.783971071,-0.744650006,-0.830808401,2028.453491,12.8889389,46.9816246,38.85704422,8.016294479
46370,WTG-J,-0.923454463,-0.743478954,-0.856542826,1391.728394,11.40599632,46.99588776,38.89438248,5.961788654
46514,WTG-J,-0.860932529,-0.771403313,-0.852002978,1830.103271,12.33716869,42.38759613,32.93950272,8.01486969
46658,WTG-J,85.01432037,84.98550415,84.99674225,-1.843796849,0.29792437,39.57983398,35.97380066,0.404798061
46802,WTG-J,1.366624355,1.425594568,1.350875974,179.3468323,7.508052826,43.84371948,37.06187439,3.872736931
46946,WTG-J,-0.842969179,-0.800803661,-0.914636195,1720.710693,12.18965721,43.86211014,35.83575058,6.099366188
47090,WTG-J,-0.024829634,0.008834265,-0.077782035,2154.716309,13.15172577,43.38994217,35.01289368,8.821170807
47234,WTG-J,-0.80384177,-0.793810189,-0.855111837,2017.07373,12.74877834,45.5306282,36.84906006,8.465084076
47378,WTG-J,-0.844732404,-0.812070727,-0.902269423,1109.060913,10.52745056,47.42822266,38.70492554,6.66920042
47522,WTG-J,84.97620392,85.00106812,84.97959137,-1.814023137,0,40.56735611,36.86739349,14.0208683
47666,WTG-J,85.02580261,85.00139618,85.02187347,-1.684887648,0,29.12981033,34.04176331,9.191850662
47810,WTG-J,85.0258255,85.00140381,85.02186584,-1.624713778,0,23.55225563,26.70602417,5.959168434
47954,WTG-J,85.02580261,85.00141907,85.02186584,-1.689839244,0,28.78594589,29.97519684,7.192174435
48098,WTG-J,85.0258255,85.00139618,85.02183533,-1.864534974,0,32.86682892,31.95452881,10.53476334
48242,WTG-J,85.02579498,85.00141144,85.02189636,-1.759083867,0.211255088,31.7900753,31.65825462,12.51563644
48386,WTG-J,85.02576447,85.00140381,85.02188873,-1.647809148,0,24.73547173,25.02247429,4.244487762
48530,WTG-J,85.02577209,85.00136566,85.02188873,-1.755609393,0,28.71920395,31.73241615,11.87017727
48674,WTG-J,85.02575684,85.00138092,85.02186584,-1.901833892,0,29.9207592,32.92839813,7.828338623
48818,WTG-J,85.0258255,85.00138855,85.02188873,-1.714430451,0,33.12254333,34.79524231,8.74532032
48962,WTG-J,85.02578735,85.00138855,85.02186584,-1.737332344,0,34.0936203,35.7983551,9.956654549
49106,WTG-J,85.0258255,85.00139618,85.02190399,-1.818404555,0,35.42248535,34.87243271,9.643368721
49250,WTG-J,85.02574921,85.00137329,85.02187347,-1.908400416,0.022381524,33.64891434,33.83099747,15.48779869
49394,WTG-J,85.02579498,85.00137329,85.02189636,-1.785730958,0,27.98401833,27.82953262,10.11309338
49538,WTG-J,85.02581024,85.00140381,85.02186584,-1.603075981,0,29.3677063,28.73605347,3.603493929
49682,WTG-J,0,0,0,-1.16653657,0,32.86815262,0,6.853681087
49826,WTG-J,0,0,0,-1.223138809,0,32.23840714,0,8.858510971
49970,WTG-J,0,0,0,-1.219713926,0,25.07645798,0,6.229969025
50114,WTG-J,91.99999237,91.99998474,91.99998474,-3.379413843,0,33.37085342,29.78988647,7.540585995
50258,WTG-J,91.99999237,91.99998474,91.99998474,-1.427001238,0,33.52500153,32.83898926,3.11659956
50402,WTG-J,91.99999237,91.99998474,91.99998474,-1.512409687,0,30.89884186,29.93994522,7.312323093
50546,WTG-J,91.99999237,91.99998474,91.99998474,-1.435220122,0,30.67152023,31.68260956,12.25508881
50690,WTG-J,91.99999237,91.99998474,91.99998474,-1.420691967,0,31.94640732,32.75156784,6.962844372
50834,WTG-J,91.99999237,91.99998474,91.99998474,-1.538447261,0,34.18106461,29.86232185,7.319847107
50978,WTG-J,91.99999237,91.99998474,91.99998474,-1.362513185,0,33.54700089,30.14264679,8.196860313
51122,WTG-J,91.99999237,91.99998474,91.99998474,-1.638130188,0,32.75796127,29.81371498,9.650259972
51266,WTG-J,91.99999237,91.99998474,91.99998474,-1.563860774,0,23.57756233,18.02204132,7.512412071
51410,WTG-J,91.99999237,91.99998474,91.99998474,-2.448487282,0,24.53025818,23.75501251,1.480234623
51554,WTG-J,0,0,0,-1.696472764,0,27.12503242,0,7.241789818
51698,WTG-J,0,0,0,-1.941437006,0,29.02325058,0,16.08439636
51842,WTG-J,0,0,0,-1.286917329,0,28.55187988,0,14.99976254
51986,WTG-J,0,0,0,-1.20819056,0,27.64417076,0,15.72640228
52130,WTG-J,0,0,0,-1.164328098,0,29.5954628,0,15.95023537
