,Turbine,Date & Time,WTG-B (2.82-FDR 2A) - (GRID) OPERATING TIME,WTG-B (2.82-FDR 2A) - BLADE 1 - ACTUAL VALUE,WTG-B (2.82-FDR 2A) - BLADE 1 - SET VALUE,WTG-B (2.82-FDR 2A) - BLADE 2 - ACTUAL VALUE,WTG-B (2.82-FDR 2A) - BLADE 2 - SET VALUE,WTG-B (2.82-FDR 2A) - BLADE 3 - ACTUAL VALUE,WTG-B (2.82-FDR 2A) - BLADE 3 - SET VALUE,WTG-B (2.82-FDR 2A) - DOWN TIME,WTG-B (2.82-FDR 2A) - EXPECTED POWER,WTG-B (2.82-FDR 2A) - GEARBOX BEARING TEMPERATURE INTERMEDIATE SHAFT GENERATOR SIDE (ROTOR SIDE),WTG-B (2.82-FDR 2A) - POWER,WTG-B (2.82-FDR 2A) - PRODUCTION,WTG-B (2.82-FDR 2A) - GEARBOX BEARING TEMPERATURE,WTG-B (2.82-FDR 2A) - ROTOR BEARING 2 TEMPERATURE,WTG-B (2.82-FDR 2A) - ROTOR SPEED (PLC),WTG-B (2.82-FDR 2A) - STATE AND FAULT,WTG-B (2.82-FDR 2A) - GENERATOR OUTBOARD BEARING TEMPERATURE,WTG-B (2.82-FDR 2A) - HUB TEMPERATURE,WTG-B (2.82-FDR 2A) - SHAFT BEARING TEMPERATURE,WTG-B (2.82-FDR 2A) - TIP SPEED,WTG-B (2.82-FDR 2A) - TIP SPEED RATIO,WTG-B (2.82-FDR 2A) - TOWER ACCELERATION,WTG-B (2.82-FDR 2A) - WIND DIRECTION,WTG-B (2.82-FDR 2A) - WIND SPEED,WTG-B (2.82-FDR 2A) - YAW DEVIATION
2,WTG-B,20-Sep-21 00:10:00,3756013,9.18074894,9.190662384,8.978744507,8.986676216,8.330135345,8.399967194,1601512,2707.824219,-3278.5,1968.364014,1303556,67.6004715,-3.700000048,13.39887714,OnLine,37.62680054,35.0383873,52.54685974,89.09857178,8.322410583,145.3751373,158,10.68820858,11.33333397
146,WTG-B,21-Sep-21 00:10:00,3815913,9.77741909,9.827717781,9.587826729,9.638750076,9.038211823,9.083195686,1601701,2819.644775,-3278.5,1998.0177,1339631,67.19999695,-3.700000048,13.45154572,OnLine,33.70000076,30.92339706,49.60477448,89.44880676,7.105288029,198.0376434,3,12.64480495,5.397011757
290,WTG-B,22-Sep-21 00:10:00,3902533,4.176640511,4.205768585,3.989899874,4.01680088,3.434930086,3.461246729,1601701,684.8588257,-3278.5,733.494751,1379782,63.39188004,-3.700000048,9.964947701,OnLine,19.49999809,26.22209358,45.76101685,66.26395416,11.25489426,87.88601685,24,5.875205994,3.979734421
434,WTG-B,23-Sep-21 00:10:00,3948568,6.846935749,6.849756718,6.657370567,6.660788536,6.099256992,6.105234623,1601701,231.5327148,-3278.5,466.138855,1383273,61.90451813,-3.700000048,9.34376812,OnLine,23.51378059,29.86108971,39.44511032,62.13329315,15.11565876,64.06163025,137,4.226542473,0.092177898
578,WTG-B,24-Sep-21 00:10:00,4035188,10.62570763,10.57258797,10.43822193,10.38361931,9.880784988,9.828064919,1601701,2820,-3278.5,2138.40625,1417380,67.19999695,-3.700000048,13.44389534,OnLine,32.35746384,30.00165558,49.99862289,89.39792633,6.258676529,158.0816193,176,14.32745934,1.684896231
722,WTG-B,25-Sep-21 00:10:00,4120796,6.239273071,6.22507906,6.050971031,6.036110878,5.49452734,5.480556965,1601701,2702.290283,-3278.5,1947.587402,1452503,63.69999695,-3.700000048,13.47088718,OnLine,32.98976135,29.93453979,49.48612595,89.57741547,8.391677856,150.218338,41,10.6632576,1.982133031
866,WTG-B,26-Sep-21 00:10:00,4207419,11.56391716,11.31011677,13.80376625,13.56495571,11.49650764,11.94916725,1601701,2820,-3278.5,1526.494263,1478590,63.80807495,-3.700000048,13.45770359,OnLine,33.9272728,31.96744537,47.72725677,89.48975372,5.816124916,181.1887512,178,15.36926651,6.734770298
1010,WTG-B,27-Sep-21 00:10:00,4293023,11.87002468,12.24338436,11.75359821,11.47320747,13.18421555,13.12316418,1601701,2819.916016,-3278.5,1348.723999,1520732,63.89074326,-3.700000048,13.13182068,OnLine,34.14746094,33.91789627,50.94447327,87.32272339,6.455496311,131.9664307,190,13.55350304,3.786892414
1154,WTG-B,28-Sep-21 00:10:00,4379640,5.667729855,5.917534828,5.274227619,5.295577049,5.490524769,5.492443562,1601701,2770.208008,-3278.5,2582.75415,1564898,66.88105011,-3.700000048,13.41280174,OnLine,38.01366043,34.74953461,53.7561264,89.19116974,7.983345509,158.1958466,191,11.18330956,3.300605536
1298,WTG-B,29-Sep-21 00:10:00,4465058,-0.529268682,-0.435797632,-0.719082057,-0.624765813,-1.274858356,-1.180320024,1601701,761.5784912,-3278.5,595.6073608,1591034,62.86799622,-3.700000048,8.515365601,OnLine,33.08978653,33.88349152,50.78021622,56.62466431,9.213163376,20.96169472,165,6.080831528,2.307371855
1442,WTG-B,30-Sep-21 00:10:00,4551664,4.760099411,4.780385017,4.576564789,4.591417313,4.018668652,4.035862923,1601701,2236.49585,-3278.5,2139.897461,1624146,67.40000153,-3.700000048,13.53367996,OnLine,35.25062561,31.97777367,51.83811569,89.99497223,9.863886833,131.3321381,139,9.200423241,4.363727093
1586,WTG-B,01-Oct-21 00:10:00,4629219,1.890716791,8.020657539,1.709181786,7.838279247,1.361741185,7.491455078,1601852,42.51612473,-3278.5,23.90782166,1644216,59.07905197,-3.700000048,7.4752388,OnLine,27.56539917,24.90349007,39.61991119,49.70812988,16.8260479,19.4686203,8,2.954535723,6.921883583
1730,WTG-B,02-Oct-21 00:10:00,4671810,84.97541809,85,84.97649384,85,84.9757843,85,1601933,3.293153763,-3278.5,-15.3234272,1647517,35.95317459,-3.700000048,0,Weather Outage,26.9010582,25.77566147,28.30755615,0,0,0,57,0.36590597,34.5
1874,WTG-B,03-Oct-21 00:10:00,4727624,1.967046618,1.961003065,1.794834733,1.779589653,1.426591516,1.425424218,1601933,20.82089424,-3278.5,-15.53845882,1652302,56.7429657,-3.700000048,7.201628208,RunUp,30.54655457,24.98995018,36.82067108,47.88869858,20.54617882,67.50345612,21,2.313432693,4.746660233
2018,WTG-B,04-Oct-21 00:10:00,4794098,76.30627441,76.23403168,76.24040985,76.16847992,76.11273193,76.04051208,1601933,11.83822918,-3278.5,-13.42675877,1658168,57.81755066,-3.700000048,0.047207862,RunUp,33.68247604,29.75611687,38.72398376,0.313918322,0.237958953,11.27744389,152,1.315358758,17.07970047
2162,WTG-B,05-Oct-21 00:10:00,4840818,-0.57348305,-0.401995093,-0.811249971,-0.583408535,-1.110048056,-0.937573969,1601933,1402.439209,-3278.5,859.7911377,1664071,58.66843414,-3.700000048,9.695837021,OnLine,22.52024841,28.98124886,45.51899338,64.47444916,8.533157349,73.61611176,138,7.501021862,9.518112183
2306,WTG-B,06-Oct-21 00:10:00,4884383,8.14453125,7.614262104,8.150743484,8.310563087,5.514530659,5.545033932,1601933,2819.899902,-3278.5,2787.955322,1669162,67.762146,-3.700000048,13.56156731,OnLine,32.04543686,29.08491898,46.5,90.18041229,6.87004137,181.2723999,100,13.01691341,5
2450,WTG-B,07-Oct-21 00:10:00,4931968,-0.590987802,-0.588738739,-0.767963529,-0.770152152,-1.11947453,-1.124317527,1601933,1274.514893,-3278.5,985.6706543,1679093,61.23246765,-3.700000048,10.01911736,OnLine,20.74728584,26.82246208,43.5175705,64.8438797,9.165827751,42.81232452,145,7.252969265,1
2594,WTG-B,08-Oct-21 00:10:00,5017730,-0.630478084,-0.525257766,-0.815533042,-0.706671178,-1.113599896,-1.060836673,1601933,1485.55249,-3278.5,1786.67334,1712568,66.69889832,-3.700000048,12.22354031,OnLine,30.1781292,31.67741013,53.00780487,82.27402496,10.6163969,123.9931412,152,7.662004948,10
2738,WTG-B,09-Oct-21 00:10:00,5104352,8.219023705,8.22387886,8.038899422,8.038003922,7.688946247,7.686534882,1601933,2819.24585,-3278.5,2488.378418,1742667,67.97844696,-3.700000048,13.42421722,OnLine,38.52161026,33.91631317,52.3935051,88.72148895,6.44893074,139.7909698,193,13.91632938,1.073304415
2882,WTG-B,10-Oct-21 00:10:00,5190966,8.575865746,8.799178123,7.994340897,7.950471878,8.62942028,8.550948143,1601933,2787.481934,-3278.5,2371.599365,1800922,67.80000305,-3.700000048,13.51934338,OnLine,39.62185287,33.86736679,53.34572601,89.48903656,7.257079601,167.1950684,186,12.42117596,1
3026,WTG-B,11-Oct-21 00:10:00,5274536,14.44742393,14.15312767,16.49056816,16.39469719,14.17692089,14.63474464,1601933,2820,-3278.5,2231.803955,1841090,66.5,-3.700000048,13.30892372,OnLine,24.85508919,20.09825325,45.76319885,90.17851257,4.993349552,182.0018768,16,17.69223404,5.822969437
3170,WTG-B,12-Oct-21 00:10:00,5349056,2.245295286,2.247476101,2.065845728,2.066062689,1.713098049,1.711897373,1601933,2629.329834,-3278.5,2668.212402,1871683,66.2019043,-3.700000048,13.44205666,OnLine,30.9329586,25.77896881,46.90151978,88.27259827,8.4568367,106.194191,151,10.60172081,1.226998687
3314,WTG-B,13-Oct-21 00:10:00,5435677,8.714174271,8.83884716,8.531702995,8.655773163,8.184800148,8.308392525,1601933,2818.274658,-3278.5,2490.604736,1929955,67.46517944,-3.700000048,13.2273531,OnLine,33.40407562,26.24837685,48.95098877,88.72305298,6.301161766,178.2403564,155,13.9578886,1
3458,WTG-B,14-Oct-21 00:10:00,5502037,1.369191408,1.802617669,1.188508511,1.621204257,0.831412375,1.267038822,1602236,74.7036438,-3278.5,80.10906219,1947547,59.88280869,-3.700000048,7.460935116,OnLine,28.24311066,26.32586479,39.15749359,49.67360306,15.02698708,47.33546448,128,3.29994607,4
3602,WTG-B,15-Oct-21 00:10:00,5570298,-0.115735337,-0.361629754,-0.290928423,-0.543043196,-0.657289863,-0.897208631,1602236,330.2197266,-3278.5,336.7604675,1950464,62.2572403,-3.700000048,7.460400105,OnLine,25.63128662,21.71891022,38.13462067,51.86432648,10.60662842,71.5662384,18,4.681169987,3.774568081
3746,WTG-B,16-Oct-21 00:10:00,5655914,-0.561269462,-0.482809782,-0.744605422,-0.664223194,-1.097093344,-1.018388629,1602236,691.845459,-3278.5,405.1621094,2000684,60.32691574,-3.700000048,7.473752022,OnLine,24.9814949,19.77170944,43.68921661,51.90185165,8.362477303,19.73832321,0,5.932197094,1
3890,WTG-B,17-Oct-21 00:10:00,5734466,-0.594764054,-0.613608181,-0.777342021,-0.795021594,-1.129936457,-1.149186969,1602236,1212.946899,-3278.5,1235.303467,2010535,63.53253174,-3.700000048,10.64744473,OnLine,17.76414108,21.74053955,41.60914993,69.94847107,9.910155296,47.33546448,215,7.142755985,1
4034,WTG-B,18-Oct-21 00:10:00,5820073,10.36273956,10.54648304,6.437584877,7.025159359,7.435428619,6.796467304,1602236,2819.593018,-3278.5,2482.785645,2036104,65.16329956,-3.700000048,13.49729347,OnLine,27.28869057,25.61800385,47.00611115,89.17394257,7.276025295,111.2271423,191,12.32665634,0.778740048
4178,WTG-B,19-Oct-21 00:10:00,5893607,6.754111767,6.769315243,6.570105076,6.587901592,6.21739769,6.233736515,1602236,2790.585449,-3278.5,2635.266602,2079729,67.09999847,-3.700000048,13.33183289,OnLine,30.69491768,23.99203491,47.41037369,88.4899826,7.7611866,158.2174072,171,11.5112896,0
4322,WTG-B,20-Oct-21 00:10:00,5975183,7.67116785,7.700875282,7.49882412,7.519461632,7.142062664,7.165296078,1602236,2802.325928,-3278.5,2602.263672,2131984,67.40000153,-3.700000048,13.35382271,OnLine,32.49814987,26.31183052,48.78547668,88.41201782,7.61164093,142.4580536,174,11.6730566,1.749734044
4466,WTG-B,21-Oct-21 00:10:00,6060804,-0.594422519,-0.277580321,-0.776605248,-0.458993733,-1.126585841,-0.813159168,1602305,799.138855,-3278.5,793.8106689,2165106,58.7830658,-3.700000048,9.216703415,OnLine,17.74672318,22.05405998,41.97173691,62.56336212,9.887827873,34.99317169,-1,6.225203991,6.80445385
4610,WTG-B,22-Oct-21 00:10:00,6117258,-0.545668423,-0.570398211,-0.729368925,-0.751811624,-1.082117081,-1.105977058,1602305,487.7336731,-3278.5,449.1704712,2169549,61.58110046,-3.700000048,7.682826519,OnLine,23.82480812,22.08648109,36.93225098,51.24725723,9.572781563,23.84270859,152,5.40081501,2.296057224
4754,WTG-B,23-Oct-21 00:10:00,6203882,-0.608550727,-0.513512433,-0.786742866,-0.694925785,-1.149579406,-1.04909122,1602305,1230.54126,-3278.5,1523.289185,2189599,60.078022,-3.700000048,11.54493427,OnLine,19.85891724,24.15831947,46.15148544,75.39876556,10.66551018,91.61591339,156,7.176269054,10.79460621
10226,WTG-B,29-Nov-21 23:10:00,6223617,-0.626656711,-0.597409427,-0.76202178,-0.778822839,-1.112621784,-1.132176399,1604317,1734.674316,-3278.5,1716.493652,2198048,61.04844284,-3.700000048,11.86393547,OnLine,20.79513931,21.23015022,31.74355316,81.5583725,9.756245613,63.61481857,229,8.136522293,1
10370,WTG-B,30-Nov-21 23:10:00,6299156,1.895354867,1.486782074,1.727251291,1.305368662,1.368444562,0.951203227,1604754,61.87531281,-3278.5,46.64746857,2209511,57.35064697,-3.700000048,7.448742867,OnLine,26.05873489,19.90177345,36.72994995,51.95290375,15.38771057,30.31536484,74,3.229442835,2
10514,WTG-B,01-Dec-21 23:10:00,6363782,-0.60520345,-0.546125412,-0.789490819,-0.727538824,-1.141301751,-1.081704259,1605810,497.666626,-3278.5,569.2697754,2218470,60.24805832,-3.700000048,8.361681938,OnLine,25.90497208,21.75384712,35.29219055,57.15043259,10.54742432,96.3697052,227,5.309828758,1
10658,WTG-B,02-Dec-21 23:10:00,6429370,3.662116528,2.944577456,6.29786253,6.276997566,2.183244228,2.72704649,1605810,2649.004395,-3278.5,2804.661377,2236089,66.95412445,-3.700000048,13.4687233,OnLine,31.9223156,25.26514053,47.11193848,88.34107208,8.609054565,88.74956512,212,10.40640163,1.517513514
10802,WTG-B,03-Dec-21 23:10:00,6513973,13.37919044,13.3126936,13.19135284,13.1312809,12.85058117,12.77711487,1605810,2776.422852,-3278.5,813.0446777,2261187,56.6558075,-3.700000048,11.09382439,OnLine,17.76471138,19.01788521,41.17546844,71.00537872,6.3349967,94.73321533,34,11.61661816,1.765021801
10946,WTG-B,04-Dec-21 23:10:00,6586488,1.888716459,1.478987217,1.72175324,1.297573805,1.361540437,0.94340837,1605810,85.54621887,-3278.5,23.14533806,2284983,51.33495331,-3.700000048,7.458540916,OnLine,18.85192871,16.17747116,30.63862038,50.56056595,14.6849556,15.65124416,174,3.385172606,9
11090,WTG-B,05-Dec-21 23:10:00,6659008,19.75953484,19.80900002,20.49489021,20.18595505,20.43160057,20.50017166,1605810,2820,-3278.5,1634.147095,2313092,55.78636169,-3.700000048,13.47267532,OnLine,22.08951378,16.83515739,38.39662552,91.37462616,4.152410507,253.5101929,11,21.60893822,13
11234,WTG-B,06-Dec-21 23:10:00,6736540,-0.591612279,-0.271675915,-0.768099666,-0.453089327,-1.121828556,-0.807254732,1605810,549.7496948,-3278.5,487.4263,2337177,56.21868896,-3.700000048,7.820965767,OnLine,11.17069244,6.900025368,30.13472366,51.47383118,9.198460579,54.27836227,132,5.606724262,8
11378,WTG-B,07-Dec-21 23:10:00,6811076,2.931990147,2.939117432,2.749481201,2.75770402,2.396831751,2.403538465,1605810,185.0396118,-3278.5,175.5799713,2352526,53.8947258,-3.700000048,7.520631313,OnLine,13.76076317,11.23092651,28.44274712,51.96217346,12.48079872,26.81291008,158,4.005002022,12
11522,WTG-B,08-Dec-21 23:10:00,6875511,85.00426483,85,84.99840546,85,85.00176239,85,1605810,2820,-3278.5,-12.59076786,2362952,42.0989418,-3.700000048,0.318158865,External Curtailment,22.07068062,13.06140137,25.68899536,2.560526848,0,38.32419968,185,13.72711658,4
11666,WTG-B,09-Dec-21 23:10:00,6918914,11.32348728,11.26867962,11.14232445,11.08726692,10.78851032,10.73310089,1605810,2297.36084,-3278.5,858.2146606,2370618,63.3000145,-3.700000048,11.55754948,OnLine,19.09999847,21.91329575,37.8524437,74.78929138,8.187666893,66.49482727,162,9.282586098,8
11810,WTG-B,10-Dec-21 23:10:00,6996481,24.90025139,25.23497963,24.75001335,25.05356789,24.3773632,24.69940186,1605810,2820,-3278.5,347.7453613,2386658,52.37811279,-3.700000048,8.822563171,OnLine,14.54371643,12.85016918,38.80567169,60.77079391,4.270469189,256.4911804,325,13.98054695,12
11954,WTG-B,11-Dec-21 23:10:00,7054896,14.5783329,14.56794739,14.38732719,14.38653469,14.0315876,14.03236866,1605810,2819.699219,-3278.5,776.6565552,2394516,56.73667145,-3.700000048,11.04925728,OnLine,10.46388149,11.94946289,31.60161018,71.07942963,5.793176651,82.58764648,197,12.76666069,0.600830674
12098,WTG-B,12-Dec-21 23:10:00,7136493,64.59166718,65.06145477,65.55403137,65.9839859,62.70492935,63.15553665,1605810,2820,-3278.5,-15.1060648,2410551,55.02391815,-3.700000048,2.780863523,External Curtailment,26.42491341,15.01767349,34.17269135,18.49192047,1.447906017,57.12714005,177,13.33220577,9
12242,WTG-B,13-Dec-21 23:10:00,7213023,14.8983736,14.87782192,14.71146679,14.69640923,14.35606956,14.34224319,1605903,2819.450684,-3278.5,794.7667236,2428594,60.85395813,-3.700000048,11.03292179,OnLine,15.96729851,19.00772476,37.87612915,73.92577362,6.113488674,90.69727325,176,11.9979105,2.326704979
20594,WTG-B,09-Feb-22 23:10:00,11230324,1.380152702,1.344189763,1.450647712,1.41857636,0.73791939,0.69936949,1606204,251.9084015,-3278.5,216.3191376,3442866,57.67332077,-3.700000048,7.493267059,OnLine,23.81098175,18.81343842,37.89975357,51.42895889,11.51265907,50.14099503,77,4.328416348,3
20738,WTG-B,10-Feb-22 23:10:00,11295777,-0.659024537,-0.072167195,-0.591294646,0.002219435,-1.296711206,-0.707037628,1606204,1198.613281,-3278.5,1521.122437,3454304,61.41841507,-3.700000048,11.46112728,OnLine,19.73944855,17.10642242,37.38760376,74.96895599,10.72360992,141.6588135,196,7.115454197,0
20882,WTG-B,11-Feb-22 23:10:00,11380391,12.74691772,12.89676762,12.8237505,12.97115421,12.09815311,12.2519474,1606204,2820,-3278.5,2827.789795,3511572,65.71871948,-3.700000048,13.45982838,OnLine,21.9960041,13.9102993,40.11923599,88.18081665,6.569589138,143.3801575,22,13.58132172,3
21026,WTG-B,12-Feb-22 23:10:00,11458949,4.077125549,4.07358408,4.128477097,4.121991634,3.445129633,3.426170111,1606204,2536.948242,-3278.5,2832.010254,3544941,60.44946289,-3.700000048,13.37343025,OnLine,15.14594555,5.960546017,33.01702881,89.01140594,8.945515633,151.0592194,198,9.979057312,2
21170,WTG-B,13-Feb-22 23:10:00,11535491,8.927214622,8.98005867,9.001107216,9.054445267,8.27600956,8.335238457,1606204,2584.677979,-3278.5,1212.335571,3578499,61.00997925,-3.700000048,13.32037354,OnLine,21.26044273,13.83633709,35.28854752,86.12052155,8.824352264,150.9465485,182,10.05014515,4
21314,WTG-B,14-Feb-22 23:10:00,11603437,0.821326971,0.48631233,-0.077773474,0.565009475,-3.067056417,-3.345647573,1606204,2766.850098,-3278.5,1873.885132,3599872,61.58834839,-3.700000048,12.16909218,OnLine,17.98994255,18.85464478,39.79999924,80.24272156,7.281359196,254.2544556,115,11.08767986,3
21458,WTG-B,15-Feb-22 23:10:00,11672929,16.38792801,16.34840012,16.46479988,16.41792107,15.74140072,15.69669724,1606204,2820,-3278.5,2850.974365,3643519,66.89211273,-3.700000048,13.4710865,OnLine,28.62100029,21.3113327,42.20000076,90.0621109,4.854573727,208.2004242,176,18.53895569,5
21602,WTG-B,16-Feb-22 23:10:00,11758545,10.92769432,10.85368824,10.98505974,10.92807484,10.26488113,10.20886803,1606204,2819.966309,-3278.5,1912.317749,3701797,64.67715454,-3.700000048,13.36266613,OnLine,24.20864487,16.97551537,42.75138474,89.02624512,6.320475101,154.9025574,18,14.08817291,9.477975845
21746,WTG-B,17-Feb-22 23:10:00,11818982,84.99002838,81.56258392,81.73240662,81.56258392,84.99081421,81.56258392,1606204,9.528116226,-3278.5,-14.49254513,3735964,40.73686981,-3.700000048,0,Weather Outage,12.69683838,3.82867837,22.14489937,1.199140191,0,0,185,1.004317522,136.2149811
21890,WTG-B,18-Feb-22 23:10:00,11896214,0.243120655,0.218543157,0.326683015,0.293228537,-0.396137923,-0.424407214,1606204,1928.57373,-3278.5,2068.309814,3763057,62.69133759,-3.700000048,12.63881397,OnLine,18.46101761,11.30209732,35.4202652,85.33113861,9.912787437,121.2712708,230,8.532776833,1
22034,WTG-B,19-Feb-22 23:10:00,11974762,84.98851776,84.96374512,84.99029541,84.96374512,84.99004364,84.96374512,1606204,2820,-3278.5,-10.1157608,3796202,44.48791122,-3.700000048,0.59657824,External Curtailment,24.83269882,14.77378654,29.13101196,3.6075418,0.297563881,45.7868042,190,14.20063496,3.753849268
22178,WTG-B,20-Feb-22 23:10:00,12024492,8.218423843,8.206730843,8.299765587,8.281117439,7.579458714,7.561910629,1606204,2469.88916,-3278.5,2437.466064,3825431,63.80433273,-3.700000048,13.41492653,OnLine,28.60709953,20.78384399,40.62063217,89.42353058,9.040128708,129.9263458,165,9.971960068,2.701747417
22322,WTG-B,21-Feb-22 23:10:00,12092974,9.104536057,9.206595421,10.03708267,9.866204262,9.35863018,9.453627586,1606204,2820,-3278.5,2790.081543,3870771,66.95704651,-3.700000048,13.46108627,OnLine,31.66844177,19.89162636,44.33527374,90.90177155,6.552750587,172.9485474,354,13.52186012,2.771857977
22466,WTG-B,22-Feb-22 23:10:00,12178571,7.879032135,7.790830135,7.908348083,7.883087635,7.238732338,7.140951157,1606204,2771.046387,-3278.5,2326.076416,3929055,61.87566376,-3.700000048,13.49409103,OnLine,8.67031765,3.636865139,31.23591614,89.31569672,7.583198547,151.3969269,3,11.98186398,9
22610,WTG-B,23-Feb-22 23:10:00,12251105,-0.643546104,-0.373076022,-0.564309299,-0.298689395,-1.283732057,-1.017896295,1606204,760.3359985,-3278.5,707.614624,3964566,53.47476578,-3.700000048,8.581996918,OnLine,1.734196663,6.70840168,22.62543488,57.82587051,9.341628075,42.27841949,86,6.11137867,3
22754,WTG-B,24-Feb-22 23:10:00,12335696,-0.593616068,-0.632286727,-0.523262978,-0.557900071,-1.249112129,-1.277107,1606204,820.6463013,-3278.5,1192.615967,3978600,58.78774261,-3.700000048,10.21094418,OnLine,2.726951599,4.834224224,26.76698112,69.72896576,10.91014862,35.33987045,40,6.247678757,0
22898,WTG-B,25-Feb-22 23:10:00,12395144,-0.645183563,-0.272259206,-0.163746834,-0.197872579,-0.909585714,-0.917079568,1615175,570.3486328,-3278.5,395.6611938,3985591,49.42844772,-3.700000048,7.458946228,OnLine,10.61616516,8.012063026,20.3904686,51.90680313,8.964659691,42.35515976,72,5.542784214,5
23042,WTG-B,26-Feb-22 23:10:00,12445471,78.71477509,78.35751343,78.64526367,78.35751343,78.65973663,78.35751343,1615693,9.228190422,-3278.5,-13.8119173,3989964,31.85762978,-3.700000048,0,Weather Outage,16.69999886,8.086956978,17.95686722,2.027225256,0,25.70687485,10,0.878365278,46
23186,WTG-B,27-Feb-22 23:10:00,12511058,-0.687204301,-0.309930891,-0.593931854,-0.235544279,-1.322218299,-0.954751194,1615693,1283.125,-3278.5,1491.233521,4004233,63.05098724,-3.700000048,11.21382618,OnLine,18.81711197,14.11806679,34.3430481,74.79626465,10.22862339,125.5976944,215,7.276428699,2
23330,WTG-B,28-Feb-22 23:10:00,12592636,0.234261677,0.186892003,0.31250003,0.2612786,-0.403682977,-0.45792824,1615693,2034.194336,-3278.5,1984.473877,4027647,61.49694061,-3.700000048,12.6342411,OnLine,25.29522514,20.23981094,41.90000153,85.84651947,9.644015312,149.4551544,222,8.728889465,1.317389607
23474,WTG-B,01-Mar-22 23:10:00,12668176,4.496994972,4.185732365,7.889663696,7.60125351,4.613181114,5.295866966,1615772,2765.953369,-3278.5,2396.145264,4051835,66.15512085,-3.700000048,13.41953278,OnLine,33.1102829,24.89672279,43.73134232,88.18419647,8.039960861,141.1207886,224,11.13558197,1.265630245
23618,WTG-B,02-Mar-22 23:10:00,12747750,2.869915962,2.89358449,2.950020313,2.967971087,2.23592782,2.248764038,1615772,2778.762207,-3278.5,2892.20166,4078296,66.39258575,-3.700000048,13.53090382,OnLine,33.08138657,24.92560196,45.87727356,87.40997314,8.009605408,130.1352081,208,11.23336124,1
23762,WTG-B,03-Mar-22 23:10:00,12818253,84.97674561,80.90096283,84.99118042,80.90096283,84.99185181,80.90096283,1615772,2819.971924,-3278.5,-16.93369675,4105101,54.85677338,-3.700000048,0,External Curtailment,37.63388062,26.95319748,43.06402588,1.181055903,0,4.964753628,184,13.24606609,5
23906,WTG-B,04-Mar-22 23:10:00,12867027,17.81909752,17.86295319,17.89548111,17.93733978,17.17642784,17.21813393,1615772,2820,-3278.5,954.4967041,4130121,55.46350861,-3.700000048,11.56314278,OnLine,20.19999886,22.32386208,37.63635635,76.21572113,4.563220978,207.3049469,184,16.81509399,0
24050,WTG-B,05-Mar-22 23:10:00,12928811,2.827515125,2.759527922,2.954328299,2.833914518,2.183820009,2.114707708,1615926,2433.160889,-3278.5,2684.125732,4162533,60.95491409,-3.700000048,13.52217388,OnLine,21.37243652,17.95070457,45.20141602,89.32976532,9.336933136,162.6202393,8,9.633490562,3
24194,WTG-B,06-Mar-22 23:10:00,13014672,2.568688154,2.574311972,2.64097023,2.648698568,1.924352765,1.929491878,1615926,2371.507813,-3278.5,2589.336426,4207720,58.80403137,-3.700000048,13.33860302,OnLine,11.21565628,3.563066721,38.20000076,87.66262054,9.160983086,95.05267334,334,9.639749527,12
24338,WTG-B,07-Mar-22 23:10:00,13042046,84.99923706,85,85.02498627,85,85.02526093,85,1626296,327.6501465,-3278.5,-3.808049202,4226909,19.86833954,-3.700000048,0,Fault 2242,9.205816269,4.149759293,11.51107025,0,0,29.95615578,57,4.615744591,13
25490,WTG-B,16-Mar-22 00:10:00,13057149,-0.608320832,-0.648935556,-0.544524431,-0.5745489,-1.263403773,-1.29375577,1695489,947.7993164,-3278.5,1031.742065,4227960,59.57030869,-3.700000048,10.00480938,OnLine,17.48356056,17.17838478,29.1676712,66.62856293,10.20182133,29.99679184,177,6.533331871,1
25634,WTG-B,17-Mar-22 00:10:00,13143752,9.441819191,9.005145073,9.708491325,9.875097275,6.978079796,7.083528519,1695489,2816.44873,-3278.5,2811.203857,4290281,67.59999847,-3.700000048,13.45533085,OnLine,36.36836243,26.87353325,49.25461197,89.10037994,7.354804039,153.7331848,178,12.13346577,4
25778,WTG-B,18-Mar-22 00:10:00,13227347,16.30875206,16.37498474,16.27990913,16.08252716,16.40000343,16.30475044,1695489,2820,-3278.5,2838.28125,4328447,66.3662262,-3.700000048,13.60735416,OnLine,23.35987091,14.01080036,42.4464035,89.84805298,4.281896114,163.8930664,350,21.20255661,5.791632652
25922,WTG-B,19-Mar-22 00:10:00,13310928,35.6760788,35.54906845,35.55846786,35.44225311,34.93354034,34.81164169,1695489,12.87005424,-3278.5,-16.39294052,4385756,54.82344818,-3.700000048,0.441322625,RunUp,26.89984894,17.8354454,36.80679703,2.804950714,0,22.10476112,236,1.331384897,35.96998978
26066,WTG-B,20-Mar-22 00:10:00,13388485,1.440100908,1.904842854,1.311478019,1.7980268,0.67185849,1.167416215,1695489,37.46915817,-3278.5,86.29639435,4404209,56.95095444,-3.700000048,7.463471413,OnLine,29.32828903,23.87358093,39.38490295,50.34354401,16.82041359,69.11702728,174,2.968262434,17.21131897
26210,WTG-B,21-Mar-22 00:10:00,13468030,13.86187935,13.61231613,16.10411644,16.06874657,13.49058342,13.98627853,1695489,2818.310303,-3278.5,2506.161865,4454454,67.23200989,-3.700000048,13.54206371,OnLine,35.44931412,25.90826225,47.79319763,89.50358582,5.08817625,229.9785919,170,17.76321983,3.783097506
26354,WTG-B,22-Mar-22 00:10:00,13541546,-0.572735608,-0.334804654,-0.691606104,-0.441620767,-1.326652765,-1.072231293,1695489,597.6496582,-3278.5,670.7994385,4489581,59.9591217,-3.700000048,8.625922203,OnLine,17.80563545,14.02231312,38.14138031,57.24160004,10.20105171,53.68117905,81,5.614760876,2
26498,WTG-B,23-Mar-22 00:10:00,13624131,5.986090183,5.981595516,6.24187851,6.152066231,5.623881817,5.651183605,1695489,2654.323975,-3278.5,2844.774658,4546884,64.07627869,-3.700000048,13.39991665,OnLine,20.73660088,13.74498844,39.98892212,90.71127319,8.442392349,135.0708771,333,10.59913731,0
26642,WTG-B,24-Mar-22 00:10:00,13709736,1.997698903,1.677092314,1.861433864,1.57027626,1.230765581,0.939665616,1695489,129.9994965,-3278.5,138.3812103,4601155,54.53606796,-3.700000048,7.44789362,OnLine,15.34834194,10.81325531,34.51340866,49.9736557,13.66182709,50.21326065,242,3.628927708,9
26786,WTG-B,25-Mar-22 00:10:00,13788862,1.83865869,1.681643486,1.703012824,1.574827433,1.072762012,0.944216907,1695489,190.4025421,-3278.5,87.58267975,4621989,55.96175766,-3.700000048,7.462678432,OnLine,22.70931053,17.78741264,36.27731323,50.52743912,12.28977585,51.67956161,121,4.042163849,5
26930,WTG-B,26-Mar-22 00:10:00,13855312,-0.539241493,-0.525492311,-0.649843276,-0.632308424,-1.277539492,-1.262918949,1695489,856.7566528,-3278.5,442.760376,4634648,59.57675171,-3.700000048,7.66609621,OnLine,23.69047356,17.57154846,36.96523285,52.1193161,8.095967293,47.33546448,80,6.286797047,0.527206421
27074,WTG-B,27-Mar-22 00:10:00,13928826,3.592729092,3.509459019,1.915826797,2.197712421,1.203088164,0.94982785,1695645,2206.046387,-3278.5,2676.729492,4647369,66.12615967,-3.700000048,13.47593403,OnLine,27.15315056,19.91428185,42.78935623,88.87927246,9.935100555,111.4610519,93,9.017412186,0.361645877
27218,WTG-B,28-Mar-22 00:10:00,14015418,0.841929376,0.886636972,0.728791535,0.779820859,0.104319014,0.149210319,1695645,1767.871826,-3278.5,2148.84082,4698591,63.41798019,-3.700000048,12.89586353,OnLine,22.95321274,18.83937645,44.28577423,87.35289001,10.59232426,141.5002899,79,8.138087273,6.357792854
27362,WTG-B,29-Mar-22 00:10:00,14101105,5.768964291,5.622334003,5.754783154,5.624778271,5.050867558,4.946008205,1695645,2818.487305,-3278.5,2744.54541,4733274,67.63563538,-3.700000048,13.43304253,OnLine,35.53752899,27.18362808,46.46756744,89.27626038,7.234137058,233.858902,164,12.36409473,9
27506,WTG-B,30-Mar-22 00:10:00,14187721,1.296581507,1.321751475,1.189467788,1.214935422,0.55374819,0.584324896,1695645,2245.077148,-3278.5,2186.946533,4799630,67.48148346,-3.700000048,13.40411377,OnLine,35.55966568,26.96456718,50.59091568,88.71365356,9.651040077,154.6037445,184,9.255072594,1
27650,WTG-B,31-Mar-22 00:10:00,14274343,-0.588594794,-0.54127574,-0.692356825,-0.648091853,-1.277098656,-1.278702378,1695645,1651.288452,-3278.5,1711.260498,4863968,61.33293152,-3.700000048,11.72111988,OnLine,14.0726366,13.88725185,42.32518768,80.48435974,9.862447739,35.50160217,350,7.912030697,5
27794,WTG-B,01-Apr-22 00:10:00,14336350,-0.548447251,-0.541712701,-0.654115677,-0.648528814,-1.277090669,-1.27913928,1695645,1038.913696,-3278.5,1022.412109,4884171,61.86035156,-3.700000048,9.902628899,OnLine,13.49999905,13.73420238,33.09962082,66.25082397,9.868040085,32.61411667,146,6.705548763,2.755998135
27938,WTG-B,02-Apr-22 00:10:00,14420672,-0.557923019,0.034785543,-0.665957987,-0.072030567,-1.287423849,-0.702641129,1695726,625.6143188,-3278.5,959.8181152,4929011,60.82520294,-3.700000048,9.702444077,OnLine,18.89999962,19.17071533,44.2422905,64.85335541,11.40091324,44.9660759,194,5.69792366,5
28082,WTG-B,03-Apr-22 00:10:00,14505252,-0.583560109,-1.456011057,-0.685763061,0.493184954,-1.29668045,-1.513642907,1695726,498.492157,-3278.5,649.3939819,4942047,59.28623581,-3.700000048,8.691734314,OnLine,22.89586639,20.77509499,40.90000153,55.41602325,10.98585892,148.8066864,118,5.310268402,1
28226,WTG-B,04-Apr-22 00:10:00,14585821,1.728714108,1.718276501,1.613373518,1.611312628,0.975992978,0.980529487,1695726,2369.110352,-3278.5,2457.34375,4994304,66.80000305,-3.700000048,13.41797066,OnLine,31.42942238,24.74374199,48.88305664,89.22125244,9.395786285,140.3955231,24,9.467986107,3
28370,WTG-B,05-Apr-22 00:10:00,14669098,1.957211733,2.106221437,1.851594329,2.036273479,1.225322485,1.623322964,1695726,81.3077774,-3278.5,41.6097641,5027080,55.59999847,-3.700000048,7.45975256,OnLine,26.00569534,19.7536869,39.5,50.60711288,14.81690216,20.89410019,97,3.348416805,10
28514,WTG-B,06-Apr-22 00:10:00,14753655,17.99873734,17.96617317,17.9485836,17.83110046,17.27210999,17.23999596,1695726,2232.572021,-3278.5,2433.858154,5064710,66.59999847,-3.700000048,13.40537453,OnLine,29.62079811,21.87372017,46.56067657,89.06854248,4.034994125,201.4494476,41,22.18192673,9
28658,WTG-B,07-Apr-22 00:10:00,14840260,1.752762556,1.772172928,1.642677784,1.665356874,1.012281895,1.034746408,1695940,2252.32959,-3278.5,2469.128418,5121971,64.98416901,-3.700000048,13.43365955,OnLine,25.27806473,18.74971962,45.67956161,88.1244278,9.815850258,149.4733124,351,9.111018181,3.450763226
28802,WTG-B,08-Apr-22 00:10:00,14925861,-0.573864341,-0.252572358,-0.666530728,-0.359388471,-1.305861115,-0.989998996,1696239,1592.233643,-3278.5,1275.114136,5181259,58.03930664,-3.700000048,10.70808697,OnLine,16.71980095,17.92682266,44.65374756,69.61199951,9.108185768,33.33602905,19,7.801289558,1.632214069
28946,WTG-B,09-Apr-22 00:10:00,15012452,1.97809422,5.053031921,1.915327907,4.958988667,1.243118167,4.318655014,1696239,71.69082642,-3278.5,-19.47348785,5235535,54.66697693,-3.700000048,7.194792271,RunUp,29.06251717,18.37841225,39.79202652,46.76558685,14.77602196,15.65124416,30,3.263789177,11
29090,WTG-B,10-Apr-22 00:10:00,15081913,65.01703644,65.08283234,64.91382599,64.97601318,64.28178406,64.34540558,1696239,2819.239502,-3278.5,-16.66086578,5273994,55.59319687,-3.700000048,2.260001659,RunUp,38.92137146,27.05587769,42.8058548,15.85343075,1.026648164,65.70037079,177,14.44008923,4
29234,WTG-B,11-Apr-22 00:10:00,15135285,0.054980226,0.035437118,-0.04744114,-0.071378984,-0.684624314,-0.701989472,1696239,1740.034424,-3278.5,2046.152588,5288186,63.70182037,-3.700000048,12.68660545,OnLine,28.6693058,24.88315201,44.89286041,85.110672,10.34202385,129.6431122,55,8.168625832,2
29378,WTG-B,12-Apr-22 00:10:00,15220857,85.0279007,83.73345184,85.00535583,83.73345184,85.0141983,83.73345184,1696239,2762.787598,-3278.5,-11.98375225,5324313,53.99213791,-3.700000048,0.523248971,External Curtailment,33.68828583,21.65531731,41.95430374,3.1001091,0.324665934,19.4686203,118,11.33494377,0.471318424
29522,WTG-B,13-Apr-22 00:10:00,15290736,9.429616928,9.723816872,9.344943047,9.61700058,8.697412491,8.986390114,1696239,2818.452148,-3278.5,2878.784912,5374947,67.72915649,-3.700000048,13.55209351,OnLine,38.87910843,29.79366493,51.01239014,89.43573761,6.837421894,198.9591827,188,13.1494236,1
29666,WTG-B,14-Apr-22 00:10:00,15377334,-0.580654323,-0.274864674,-0.493062019,-0.381680787,-1.304193616,-1.012291312,1696239,688.5946045,-3278.5,737.7949829,5425177,62.24375916,-3.700000048,9.024078369,OnLine,17.00253677,15.10591125,39.54200363,62.01893616,10.22212887,23.51283073,73,5.864358425,5.24622345
29810,WTG-B,15-Apr-22 00:10:00,15457899,9.109060287,9.203165054,12.06462669,11.50125217,11.20073318,11.69647121,1696239,2819.552246,-3278.5,2797.361816,5451275,66.83391571,-3.700000048,13.57838154,OnLine,29.94472694,21.84864807,45.36923599,90.04896545,7.214724541,189.1471558,162,12.50807858,0.251007766
29954,WTG-B,16-Apr-22 00:10:00,15543488,12.00512791,11.88461494,11.91064453,11.80466652,11.23226643,11.13910103,1696239,2820,-3278.5,2072.383789,5502510,66.56475067,-3.700000048,13.39252377,OnLine,28.28699303,22.91918564,48.47069931,89.51628876,6.322713852,212.0538635,48,14.23176193,6
30098,WTG-B,17-Apr-22 00:10:00,15629067,-0.548840284,-0.44444412,-0.640991569,-0.551260233,-1.278274417,-1.181870818,1696239,909.3026123,-3278.5,1013.811707,5554726,63.42472076,-3.700000048,9.806786537,OnLine,16.3734436,15.73578167,40.88933945,67.67778778,10.30258846,101.0899734,82,6.335700989,4
30242,WTG-B,18-Apr-22 00:10:00,15712597,0.222579971,0.207106084,0.111036815,0.100289986,-0.51478374,-0.530320585,1696239,2029.410767,-3278.5,2082.521973,5573139,64.49181366,-3.700000048,12.59006023,OnLine,23.62383842,15.45823765,42.78488922,83.81179047,9.69388485,55.83618546,84,8.642269135,2.593476534
30386,WTG-B,19-Apr-22 00:10:00,15798184,-0.541633248,-0.572260976,-0.643165767,-0.679077089,-1.270984769,-1.309687614,1696239,1516.522461,-3278.5,1398.725342,5596209,63.07777786,-3.700000048,11.13959408,OnLine,17.65045166,16.74855232,40.72655487,73.11766815,9.643068314,60.73141098,90,7.658234596,1.796916842
30530,WTG-B,20-Apr-22 00:10:00,15876216,14.22080612,14.44628906,12.27241039,12.57645702,12.49334335,12.16954899,1696239,2819.866455,-3278.5,2928.54248,5646438,66.90000153,-3.700000048,13.47434044,OnLine,33.3433075,21.11530685,45.79553604,89.58128357,5.240948677,255.7859955,177,16.92290497,11
30674,WTG-B,21-Apr-22 00:10:00,15962828,8.427689552,8.331075668,8.310120583,8.224259377,7.685000896,7.593649387,1696239,2818.749268,-3278.5,2768.79248,5703715,67.70212555,-3.700000048,13.46871853,OnLine,41.6512413,29.61350822,51.73564911,89.58583832,6.291385174,148.5560913,36,14.23490906,2.226741791
30818,WTG-B,22-Apr-22 00:10:00,16049436,11.15362358,11.38401699,11.06182575,11.03010273,11.22380733,11.2797823,1696239,2820,-3278.5,2935.306885,5755942,67.83542633,-3.700000048,13.36761189,OnLine,43.75417328,29.96344376,52.25590515,88.10744476,5.69026947,250.1120758,172,15.66137886,4
30962,WTG-B,23-Apr-22 00:10:00,16134030,18.06026268,19.25672722,14.87420177,15.5025034,15.91299725,15.24088764,1696309,2820,-3278.5,2745.376465,5821275,72.58973694,-3.700000048,13.35687542,OnLine,61.13028336,29.84776878,55.88486862,90.26332855,5.277467728,183.7779999,158,17.07262993,12
31106,WTG-B,24-Apr-22 00:10:00,16218614,91.99998474,85.84976959,73.39631653,85.84951782,91.99998474,85.85161591,1698317,2005.576904,-3278.5,-8.410509109,5885603,59.62456512,-3.700000048,0.06123111,Fault 1340,60.14749527,28.94153023,54.66578293,0,0,23.05189133,187,8.791139603,5.716749668
31250,WTG-B,25-Apr-22 00:10:00,16241319,91.99998474,85,91.99998474,85,92,85,1751779,656.3765869,-3278.5,-2.767946959,5899320,41.31593704,-3.700000048,0,Fault 4532,39.00226212,22.05778885,31.98625755,1.284187198,0,33.31275558,37,5.818514824,0
31394,WTG-B,26-Apr-22 00:10:00,16284615,-0.705837965,-0.363338768,-0.605254531,-0.268619418,-1.17413342,-0.822896659,1792906,349.3562317,-3278.5,379.3577271,5916389,61.39074326,-3.700000048,7.511334419,OnLine,39.63683701,18.85389709,40.79999924,51.66193008,10.62920189,107.4890137,63,4.724036217,2
31538,WTG-B,27-Apr-22 00:10:00,16318960,90.18460846,87.36158752,90.25003815,87.24806213,90.43999481,87.40034485,1834588,2748.977539,-3278.5,-2.017970324,5921431,42.7482605,-3.700000048,0.291535795,Fault 3996,38.72322845,21.48088455,29.96762657,0.708027005,0,15.65124416,173,10.94729042,3
31682,WTG-B,28-Apr-22 00:10:00,16341550,92.00000763,89.09720612,91.99998474,89.10590363,91.99998474,89.08837891,1889988,2284.874268,-3278.5,-7.701181889,5935129,49.53011322,-3.700000048,0.149049327,Fault 1144,54.79310608,22.1546917,31.1924324,0.989926219,0,75.63879395,180,9.305438995,3
31826,WTG-B,29-Apr-22 00:10:00,16365120,91.99998474,87.69641113,91.99998474,87.70931244,91.99998474,87.70931244,1941333,2432.598877,-3278.5,-7.691038132,5947230,54.63113785,-3.700000048,0.147752494,Fault 1341,52.41517258,25.70911407,34.17929077,0,0,74.29347229,133,9.679798126,11
31970,WTG-B,30-Apr-22 00:10:00,16381083,85.01593018,86.78869629,85.01783752,86.77800751,85.01522064,86.77658844,2009675,2819.176758,-3278.5,-6.828925133,5956740,42.43090439,-3.700000048,0,Fault 2603,49.53231049,25.95868683,32.28238297,0.611262798,0,95.16547394,335,12.87975216,5.940902233
32114,WTG-B,01-May-22 00:10:00,16418333,84.98219299,87.72348785,85.00495911,87.82691956,85.00164795,87.82691956,2050958,12.5219965,-3278.5,-2.214137793,5976072,48.88189697,-3.700000048,0.250218391,Fault 2759,43.29506683,26.79037666,34.63981247,1.663419962,0,20.1497364,12,1.385554433,22
32258,WTG-B,02-May-22 00:10:00,16434193,91.99991608,85,92.00001526,85,91.99998474,85,2121800,1539.441772,-3278.5,-2.255357027,5980433,34.82004166,-3.700000048,0,Fault 1340,31.60528564,23.09840202,27.83267975,0.528251112,0,34.80462265,135,7.782277107,12
32402,WTG-B,03-May-22 00:10:00,16441424,91.99998474,84.99781036,91.99998474,84.99781036,91.99998474,84.99781036,2198332,2820,-3278.5,-2.049460888,5985369,38.05619049,-3.700000048,0,Fault 1387,35.56015015,13.78066444,23.71556854,0,0,79.90402985,338,20.36133957,11
32546,WTG-B,04-May-22 00:10:00,16441908,85.02553558,85,85.01374817,85,85.01309967,85,2230305,295.2472534,-3278.5,-1.627025127,5985376,19.31493568,-3.700000048,0,Repair,18.58096886,15.76802826,15.26212978,0,0,12.5045042,113,4.512319565,225
32690,WTG-B,05-May-22 00:10:00,16441908,85.02553558,85,85.01374817,85,85.01309967,85,2230305,23.94921875,-3278.5,-1.771301627,5985376,14.38661194,-3.700000048,0,Repair,13.51811981,13.82819653,12.39999962,0,0,7.634753227,42,2.661024332,296
32834,WTG-B,06-May-22 00:10:00,16441908,85.90998077,85,86.45209503,85,86.42892456,85,2230305,1901.966797,-3278.5,-2.042833567,5985376,14.42631149,-3.700000048,0,Repair,13.62728882,13.96861458,13.06130505,0,0,5.133611679,360,8.434802055,19
32978,WTG-B,07-May-22 00:10:00,16441908,91.99998474,89,91.99998474,89,91.99998474,89,2230305,1157.982178,-3278.5,-1.689476609,5985376,20.23131371,-3.700000048,0,Repair,19.06872559,21.9325676,17.99774933,0,0,12.47520256,135,7.07905674,202.4852295
33122,WTG-B,08-May-22 00:10:00,16451971,23.55180931,23.52303505,23.25855064,23.23018265,22.92684746,22.90024567,2240577,2818.673584,-3278.5,-15.35347271,5985385,45.08909607,-3.700000048,7.63591671,OnLine,34.42286301,28.13388824,30.88803101,51.65903091,4.218289852,277.4347229,162,12.081563,1.260473132
33266,WTG-B,09-May-22 00:10:00,16520437,92,86.42586517,91.99996948,86.37796783,91.99999237,86.46924591,2257537,2802.604492,-3278.5,-2.370150089,6003539,55.86763763,-3.700000048,0.069818318,Fault 1120,46.58200836,33.01416397,46.25312424,2.745333195,0,57.49938202,181,11.98791409,12
33410,WTG-B,10-May-22 00:10:00,16521200,91.99996185,85,91.99998474,85,92.00000763,85,2313521,2819.790039,-3278.5,-1.761514306,6003639,40.12157059,-3.700000048,0,Maintenance,33.52895737,30.85562515,32.96743011,1.377229691,0,63.09505081,163,15.98910713,32.24078369
33554,WTG-B,11-May-22 00:10:00,16528347,-0.678423166,-0.680334508,-0.672155917,-0.677665412,-1.192686439,-1.197544336,2342718,808.543335,-3278.5,1588.396484,6008694,66.54425812,-3.700000048,11.67697144,OnLine,31.38862038,32.82522202,43.2760582,79.00392151,12.30977535,142.2406616,172,6.309589863,10
33698,WTG-B,12-May-22 00:10:00,16608908,5.182900429,5.600395679,3.441574335,3.458167553,5.322563171,4.963397503,2348471,2715.178467,-3278.5,2922.36084,6056892,67.80000305,-3.700000048,13.2930212,OnLine,40.86357117,33.70134735,55.00337601,89.36634827,8.001994133,239.8695984,165,11.09344196,3
33842,WTG-B,13-May-22 00:10:00,16692487,1.906973362,1.911506653,1.911673665,1.914098382,1.390883923,1.394267082,2351215,2647.613281,-3278.5,2575.578369,6115160,67.73659515,-3.700000048,13.50126266,OnLine,41.61558914,34.11593628,56.65499496,90.15702057,8.568657875,159.443634,171,10.47685814,0.783421159
33986,WTG-B,14-May-22 00:10:00,16757938,0.494932145,0.49792549,0.227480128,0.226993546,-0.105601653,-0.10243354,2360268,2218.617432,-3278.5,2089.96582,6130170,64.3121109,-3.700000048,13.02007008,OnLine,36.77878189,31.76433182,49.44936371,85.58656311,9.45941925,111.4510956,135,9.16288662,10
34130,WTG-B,15-May-22 00:10:00,16827396,0.369077474,0.345885128,0.366626829,0.345132381,-0.077593036,-0.106311657,2364936,351.6172791,-3278.5,315.8300171,6140271,58.5,-3.700000048,7.48568821,OnLine,37.67349625,33.28712845,48.40000153,52.15646362,10.30611992,43.616539,177,4.86074543,8
34274,WTG-B,16-May-22 00:10:00,16913003,-0.698867798,-0.69122833,-0.690929234,-0.691981077,-1.153868318,-1.143425107,2364936,333.8408203,-3278.5,492.6863708,6171380,60.09550476,-3.700000048,8.070206642,OnLine,33.67578506,28.97174263,51.78922653,53.66797256,11.34469318,75.19860077,46,4.740428925,21
34418,WTG-B,17-May-22 00:10:00,16980471,-0.517943382,-0.477082521,-0.477878541,-0.477835268,-0.924681783,-0.929279268,2374721,1752.678345,-3278.5,1940.445679,6185781,64.65781403,-3.700000048,12.56503773,OnLine,35.20771027,29.10309601,49.94350815,81.10752869,10.10827827,196.6302185,135,8.237225533,2
34562,WTG-B,18-May-22 00:10:00,17029009,91.99996185,89,91.99998474,89,91.99998474,89,2410440,2546.79541,-3278.5,-3.01739645,6212305,44.43548965,-3.700000048,0.033485375,Fault 1144,37.76387024,32.10771942,38.1031189,1.417163849,0,78.57823944,201,10.03559494,1.975130677
34706,WTG-B,19-May-22 00:10:00,17063249,-0.612066686,-0.573421836,-0.778214097,-0.827840328,-1.111615658,-1.208524942,2455589,994.0974731,-3278.5,801.7050171,6217314,59.91331482,-3.700000048,9.411728859,OnLine,28.69999886,33.92334747,45.75030518,62.21710205,9.243990898,56.88835907,128,6.771738052,2
34850,WTG-B,20-May-22 00:10:00,17100707,91.99998474,85,91.99996948,85,92,85,2480798,2818.885986,-3278.5,-2.476315498,6231796,47.54998398,-3.700000048,0,Fault 1144,41.44779205,31.45286179,39.30908585,2.598588705,0,57.0426178,186,13.82554817,5.534553051
34994,WTG-B,21-May-22 00:10:00,17119538,90.26566315,85,90.04376984,85,90.33834839,85,2547679,2498.161865,-3278.5,-3.143012524,6244714,37.30422592,-3.700000048,0,Fault 1340,30.79645729,23.80150032,30.75286102,0,0,11.02520847,48,9.816270828,10
35138,WTG-B,22-May-22 00:10:00,17119538,91.99990845,85,92.00001526,85,92.00004578,85,2634288,2760.721191,-3278.5,-5.568582058,6244714,24.34637642,-3.700000048,0,Fault 1340,20.3360672,16.02302361,20.44084358,0,0,31.68422699,15,10.94443798,7
35282,WTG-B,23-May-22 00:10:00,17156794,89.00910187,88.94134521,89.02446747,88.94134521,28.99973679,88.94134521,2682007,108.2228546,-3278.5,-8.996590614,6259264,58.65309906,-3.700000048,0.006417694,Fault 1341,34.18729401,20.99285316,40.60176849,0.041767262,0,77.3240509,120,3.524332285,2
35426,WTG-B,24-May-22 00:10:00,17185845,88.97428131,89,88.97447968,89,90.43275452,89,2739884,1523.38855,-3278.5,-4.353528023,6265163,31.56199455,-3.700000048,0,Fault 1341,21.39177704,14.00095367,22.8877182,0,0,19.9691124,72,7.712312222,0
35570,WTG-B,25-May-22 00:10:00,17219064,0.254665673,0.119860373,0.478486747,0.345151126,-0.200938106,-0.33304292,2791261,540.5595093,-3278.5,291.5805054,6273181,56.60573196,-3.700000048,7.447797775,OnLine,28.97970963,17.89850044,36.41713333,50.10663223,9.198681831,64.49921417,326,5.433355808,19.39134026
35714,WTG-B,26-May-22 00:10:00,17293595,-0.765373111,-0.655335724,-0.537743211,-0.553436458,-1.215453386,-1.304165125,2803700,1092.542236,-3278.5,1305.380005,6298266,61.61790466,-3.700000048,10.86291027,OnLine,17.51338577,14.76229763,39.7127037,70.35327148,10.48836422,153.8414612,299,6.861412048,10
35858,WTG-B,27-May-22 00:10:00,17353418,84.99854279,85.07595062,84.9970932,85.07595062,84.99937439,85.07595062,2828165,14.2508812,-3278.5,-2.056389809,6332190,50.34893036,-3.700000048,0,Fault 1145,36.81431198,27.75277328,38.23473358,0,0,3.760081768,42,1.627127767,0.348053545
36002,WTG-B,28-May-22 00:10:00,17388543,91.99998474,84.99978638,91.99997711,84.99978638,91.99998474,84.99978638,2878758,2142.015625,-3278.5,-2.265753031,6340436,46.3571434,-3.700000048,0,Fault 1388,39.31362915,28.97737122,37.3536911,0,0,33.74016571,165,9.635907173,6.790967464
36146,WTG-B,29-May-22 00:10:00,17436871,9.523943901,9.446409225,9.434220314,9.225419998,9.341535568,9.335785866,2916211,2770.370117,-3278.5,2630.354004,6374593,68.14084625,-3.700000048,13.24467087,OnLine,42.2047081,33.86310577,52.00835037,89.15795898,7.857557297,237.7639313,178,11.20966244,7.343253613
36290,WTG-B,30-May-22 00:10:00,17482077,92.00005341,89,91.99998474,89,91.99998474,89,2956690,2820,-3278.5,-2.426223278,6407348,44.98653793,-3.700000048,0.130114004,Fault 1144,39.98240662,30.33409309,39.52742386,1.711877227,0,158.0892792,161,20.00886726,11
36434,WTG-B,31-May-22 00:10:00,17512674,90.28272247,85,90.29672241,85,90.50521088,85,3012249,362.0372314,-3278.5,-2.422639608,6430933,47.13012695,-3.700000048,0,Fault 1120,42.70223999,30.87700653,39.67562866,0,0,30.62222862,156,4.91012907,10
36578,WTG-B,01-Jun-22 00:10:00,17559980,1.448192835,1.683576703,1.28756547,1.504547119,0.728916347,0.946244061,3049375,151.5142822,-3278.5,102.017601,6449005,61.63385391,-3.700000048,7.460683823,OnLine,37.84676361,32.00093079,48.43308258,48.92274094,12.80318737,27.99389267,173,3.873385429,1
36722,WTG-B,02-Jun-22 00:10:00,17628438,-0.548343658,-0.290354043,-0.835775018,-0.575124979,-1.100506783,-0.842501819,3062297,545.3234863,-3278.5,655.4830322,6470079,62.07618332,-3.700000048,8.698318481,OnLine,24.41005325,20.88488388,42.79999924,56.53162766,10.66081715,32.80014038,25,5.448646069,3.228281975
36866,WTG-B,03-Jun-22 00:10:00,17697892,-0.596103907,6.340371609,-0.881240964,6.055600643,-1.134134531,5.788223743,3062892,1737.712891,-3278.5,1266.496948,6481259,63.2457962,-3.700000048,10.79019165,OnLine,24.98116875,24.58936882,42.92515945,70.50372314,8.79082489,65.97633362,89,8.163328171,2
37010,WTG-B,04-Jun-22 00:10:00,17759347,-0.554136693,-0.550332546,-0.832678258,-0.835103452,-1.131861448,-1.102480292,3082211,881.1810303,-3278.5,1236.001587,6489864,62.7932663,-3.700000048,10.68073845,OnLine,27.76704216,27.12781334,46.08877182,73.91262054,11.06848717,51.75129318,137,6.423884392,4
37154,WTG-B,05-Jun-22 00:10:00,17837893,1.935574055,1.955983996,1.861480594,1.882829547,1.454331279,1.471903563,3087745,2367.44043,-3278.5,2703.570801,6519971,67.44058228,-3.700000048,13.48485184,OnLine,39.43389893,30.14931297,51.53427887,88.29000854,9.357426643,143.9887848,157,9.592479706,4
37298,WTG-B,06-Jun-22 00:10:00,17900334,0.633349478,0.640292168,0.556651592,0.567137599,0.14509134,0.156211615,3109698,2467.327393,-3278.5,2113.473633,6556115,66.0352478,-3.700000048,13.15959167,OnLine,37.67194366,29.63559151,50.40625,86.47477722,8.817009926,91.54223633,149,9.857602119,0
37442,WTG-B,07-Jun-22 00:10:00,17913159,90.12783813,85,90.22345734,85,90.41942596,85,3175139,437.4863892,-3278.5,-3.890645742,6561164,41.4893837,-3.700000048,0,Fault 2620,36.52801895,30.85486603,34.68008423,1.035127997,0,14.66161442,156,5.081441402,3.013127327
37586,WTG-B,08-Jun-22 00:10:00,17943365,84.97953796,88.14407349,85.0144577,88.11476898,90.35041809,88.11476898,3216024,76.3109436,-3278.5,-2.176841259,6566523,47.35135651,-3.700000048,0.098610938,Fault 1145,38.84977341,31.04494858,37.76350784,2.242055655,0,3.81520462,144,3.354789495,6
37730,WTG-B,09-Jun-22 00:10:00,18005859,1.969298363,1.90017581,1.728460789,1.663089514,1.23956728,1.175967216,3219868,20.79161263,-3278.5,26.74329185,6581566,58.90042877,-3.700000048,7.491782188,OnLine,40.41452026,28.25887871,44.630867,50.3321991,21.16600227,82.81416321,105,2.338903189,1.572613239
37874,WTG-B,10-Jun-22 00:10:00,18052403,-0.522559106,-0.509842396,-0.755780339,-0.746928632,-1.246186376,-1.23405087,3238228,1713.494263,-3278.5,1874.63623,6589845,65.69999695,-3.700000048,12.23034382,OnLine,41.16684341,30.26107788,46.29721832,83.78847504,10.05165863,103.6752167,153,8.16384697,1
38018,WTG-B,11-Jun-22 00:10:00,18096125,88.99507904,86.87065125,86.72262573,86.87065125,89.00706482,86.87065125,3273432,493.1480408,-3278.5,-9.792585373,6602120,58.6278038,-3.700000048,0.075290151,Fault 1340,47.05059433,34.0038147,43.68859482,0.393022686,0,150.8677979,142,5.375077248,1
38162,WTG-B,12-Jun-22 00:10:00,18096363,91.99997711,85,91.99998474,85,91.99995422,85,3337115,828.7729492,-3278.5,-3.40504384,6602120,42.18548584,-3.700000048,0,Fault 4531,37.70709991,35.96190643,35.39869308,0.018147685,0,8.694101334,136,6.321173668,1.360307455
38306,WTG-B,13-Jun-22 00:10:00,18098069,85.00045776,86.21256256,85.00467682,86.13697815,84.97615051,86.2170639,3418700,2804.672119,-3278.5,-8.513067245,6603050,44.27473068,-3.700000048,0,Fault 1144,41.80282974,36.19785309,36.6663475,0.327617377,0,82.27529144,176,13.15521431,13
38450,WTG-B,14-Jun-22 00:10:00,18140820,91.99998474,85,91.99998474,85,91.99998474,85,3460638,2819.05249,-3278.5,-2.029783726,6636242,55.44951248,-3.700000048,0,Fault 1144,52.7004776,35.89091492,50.20747375,0.729629219,0,96.04522705,169,17.94991302,0.765584052
38594,WTG-B,15-Jun-22 00:10:00,18170844,91.99998474,85,91.99998474,85,91.99998474,85,3488963,2819.327393,-3278.5,-2.149716139,6659904,47.7808342,-3.700000048,0,Repair,42.44919205,32.96595001,40.45455551,0,0,103.7890549,174,12.47901917,4
38738,WTG-B,16-Jun-22 00:10:00,18170844,92,85,91.99997711,85,91.99998474,85,3488963,1429.21228,-3278.5,-1.796757221,6659904,39.43538284,-3.700000048,0,Repair,34.72294617,32.89474106,33.88666534,0.113306649,0,25.97345543,167,7.66394949,2
38882,WTG-B,17-Jun-22 00:10:00,18170844,91.99996948,85,91.99999237,85,91.99998474,85,3488963,1445.346313,-3278.5,-2.466162443,6659904,39.65839767,-3.700000048,0,Repair,35.68201828,33.61692429,33.68360901,0,0,46.62744522,169,7.639775753,3
39026,WTG-B,18-Jun-22 00:10:00,18188971,91.99994659,85,91.99994659,85,91.99998474,85,3496700,1801.323486,-3278.5,-2.097513914,6664917,53.52781296,-3.700000048,0,Fault 1120,46.26635742,35.07444,43.21325684,0,0,9.692304611,166,8.369804382,2.723254681
39170,WTG-B,19-Jun-22 00:10:00,18242920,1.748387456,1.747103214,1.653584599,1.659348607,1.206568599,1.200786591,3528494,2186.295166,-3278.5,2678.117432,6682647,68.08985901,-3.700000048,13.43256474,OnLine,44,35.9588356,53.10467911,88.94465637,9.820274353,128.2313385,147,9.110476494,1
39314,WTG-B,20-Jun-22 00:10:00,18295048,91.99998474,85,91.99998474,85,91.99998474,85,3563240,1477.165283,-3278.5,-1.900726795,6709077,47.19433975,-3.700000048,0,Fault 1578,40.95338058,33.0006752,42.3198967,0,0,29.68235779,152,7.747820854,2
39458,WTG-B,21-Jun-22 00:10:00,18330300,91.99998474,85,91.99998474,85,91.99998474,85,3613441,2812.432861,-3278.5,-3.378689051,6730169,54.06750488,-3.700000048,0,Fault 1386,48.89828873,34.92042542,49.38580322,1.026755095,0,34.86167145,151,12.53563881,3.216304779
39602,WTG-B,22-Jun-22 00:10:00,18377900,-0.124633446,-0.127985522,-0.089879222,-0.089012608,-0.599346936,-0.598825932,3650382,2153.197998,-3278.5,1984.684692,6754952,67.16669464,-3.700000048,12.85936069,OnLine,44.30505371,36.94430161,49.61632156,83.54953003,9.314665794,101.0123138,172,9.03854084,0
39746,WTG-B,23-Jun-22 00:10:00,18388783,91.99998474,85,91.99994659,85,91.99998474,85,3716187,985.9801025,-3278.5,-3.946536541,6761021,41.88033676,-3.700000048,0,Fault 3994,38.25295639,31.34092903,37.90929413,0,0,11.83386612,56,6.707681656,1.4403193
39890,WTG-B,24-Jun-22 00:10:00,18388783,90.4077301,85,90.3030777,85,90.35482788,85,3798782,2461.450195,-3278.5,-9.226657867,6761021,41.08115005,-3.700000048,0,Fault 1144,38.51012421,33.90103149,35.03581238,1.010048747,0,31.68422699,151,9.832097054,11.75804996
40034,WTG-B,25-Jun-22 00:10:00,18388783,92.00003815,85,92.00001526,85,91.99990845,85,3835961,2818.761963,-3278.5,-1.886980534,6761021,40.49100494,-3.700000048,0.05444156,Repair,37.67419434,8.631242752,35.45292282,2.102355003,0,53.31391144,172,13.96344852,2.222907305
40178,WTG-B,26-Jun-22 00:10:00,18388783,91.99998474,85,91.99998474,85,91.99998474,85,3835961,2818.210205,-3278.5,-2.389280796,6761021,37.99234772,-3.700000048,0,Repair,33.55575562,31.87931061,34.66408157,0,0,60.92693329,29,12.8855257,3
40322,WTG-B,27-Jun-22 00:10:00,18388783,91.99998474,85,91.99998474,85,91.99998474,85,3835961,428.1348267,-3278.5,-1.784836888,6761021,31.02285194,-3.700000048,0,Repair,23.79415894,25.02747345,26.20609856,0,0,8.219453812,36,5.103056431,3
40466,WTG-B,28-Jun-22 00:10:00,18388783,91.99998474,85,92,85,91.99993896,85,3835961,88.49782562,-3278.5,-1.937077641,6761021,31.59296417,-3.700000048,0,Repair,25.88559914,25.81632805,25.3645401,0,0,13.61949348,88,3.413892984,25
40610,WTG-B,29-Jun-22 00:10:00,18388783,91.99995422,85,91.99998474,85,91.99998474,85,3835961,1543.9375,-3278.5,-1.73268044,6761021,35.78026962,-3.700000048,0,Repair,32.3022728,29.92372704,28.38219833,0,0,18.17017174,162,7.841695786,11
40754,WTG-B,30-Jun-22 00:10:00,18388783,61.08798981,85,91.99998474,85,91.99998474,85,3835961,2816.760254,-3278.5,-1.775953054,6761021,36.66952133,-3.700000048,0,Repair,32.91316223,29.98275566,30.31404877,0,0,14.28810406,159,11.99208164,3
40898,WTG-B,01-Jul-22 00:10:00,18388783,92.00003815,85,91.99998474,85,91.99998474,85,3835961,2537.703857,-3278.5,-1.658543944,6761021,38.27827835,-3.700000048,0,Maintenance,34.86592865,32.91578674,32.08265686,0.576138735,0,31.01377296,151,10.05596066,9
41042,WTG-B,02-Jul-22 00:10:00,18388783,91.99998474,85,91.99998474,85,91.99998474,85,3835961,1837.707642,-3278.5,-1.843694568,6761021,38.98226166,-3.700000048,0,Maintenance,35.58126831,33.71727753,33.42745209,0,0,39.31897736,169,8.449715614,9
41186,WTG-B,03-Jul-22 00:10:00,18388783,91.99998474,85,91.99998474,85,91.99996948,85,3835961,2558.602295,-3278.5,-2.394875288,6761021,37.50162125,-3.700000048,0,Maintenance,33.10968399,31.93958473,32.22681046,0,0,35.53583527,169,10.10973835,0
41330,WTG-B,04-Jul-22 00:10:00,18388783,91.99998474,85,91.99996185,85,91.99998474,85,3835961,1525.096924,-3278.5,-2.547305107,6761021,37.9181366,-3.700000048,0,Maintenance,33.74855042,32.81216431,31.79997826,0,0,7.634753227,169,7.850351334,7
41474,WTG-B,05-Jul-22 00:10:00,18388783,91.99998474,85,91.99993896,85,91.99996948,85,3835961,2741.125732,-3278.5,-2.60596776,6761021,38.87121582,-3.700000048,0,Maintenance,34.92136383,34.91140366,33.23276901,0.65884769,0,56.11842346,168,11.57847214,1.243570447
41618,WTG-B,06-Jul-22 00:10:00,18388783,92,85,91.99996948,85,91.99994659,85,3835961,2805.599854,-3278.5,-1.881245613,6761021,39.60650635,-3.700000048,0,Repair,35.60084915,35.96126175,34.0946579,0,0,27.50396156,176,12.57817745,1
41762,WTG-B,07-Jul-22 00:10:00,18388783,91.99998474,85,91.99998474,85,91.99998474,85,3835961,2348.18335,-3278.5,-2.043931961,6761021,41.44266891,-3.700000048,0,Repair,37.88093185,37.69888306,35.927742,0,0,20.25352859,170,9.546753883,1
41906,WTG-B,08-Jul-22 00:10:00,18388783,91.99998474,85,92.00001526,85,91.99995422,85,3835961,11.74599457,-3278.5,-3.361824512,6761021,42.69552231,-3.700000048,0,Repair,38.81018066,38.85246277,36.45014954,0,0,10.13500404,134,1.568126321,7.205919266
42050,WTG-B,09-Jul-22 00:10:00,18388783,90.42156982,85,90.42485046,85,90.29337311,85,3835961,450.5700989,-3278.5,-1.783260465,6761021,40.87826538,-3.700000048,0,Repair,36.23439026,35.717453,35.83343124,0.003875252,0,8.101027489,62,5.207364082,1.224243045
42194,WTG-B,10-Jul-22 00:10:00,18388783,91.99998474,85,92,85,91.99996185,85,3835961,1319.217285,-3278.5,-2.273967266,6761021,40.23229218,-3.700000048,0,Repair,35.70672989,34.62190247,34.54254532,0,0,3.817376614,79,7.412102222,6
42338,WTG-B,11-Jul-22 00:10:00,18388783,91.99998474,85,92.00003815,85,91.99998474,85,3835961,1005.727295,-3278.5,-2.204308748,6761021,40.80570221,-3.700000048,0,Repair,37.23019791,35.0038147,34.16052246,0,0,4.379721165,157,6.800312996,2
42482,WTG-B,12-Jul-22 00:10:00,18397998,21.01455116,89,89.02268982,89,90.41398621,89,3861150,873.7808838,-3278.5,-2.37044692,6763531,56.77379608,-3.700000048,0,Fault 1144,50.05654526,28.9480648,41.14310837,0.370878369,0,20.3253727,170,6.514530182,0.238285273
42626,WTG-B,13-Jul-22 00:10:00,18443727,89.00674438,89,89.0017395,89,90.34269714,89,3901072,72.29763031,-3278.5,-7.733991146,6780856,55.42356873,-3.700000048,0,Fault 1340,43.19042969,33.05972672,45.37739944,0,0,33.09897995,97,3.297613382,4
42770,WTG-B,14-Jul-22 00:10:00,18452165,88.98912811,89,88.98606873,89,90.4341507,89,3952717,1503.254761,-3278.5,-1.86902976,6782379,56.39825058,-3.700000048,0.002288542,Fault 1145,46.65583038,36.02987289,41.26869965,0.015140094,0.002075004,34.06204987,141,7.8087883,0
42914,WTG-B,15-Jul-22 00:10:00,18478756,90.40274811,85,90.2093277,85,90.41889954,85,4005202,2246.977783,-3278.5,-2.174291849,6789831,52.23215103,-3.700000048,0,Fault 1386,48.62581253,37.25915527,43.0511055,0,0,27.02463913,149,9.258481979,5.79437542
43058,WTG-B,16-Jul-22 00:10:00,18489408,92.00005341,89,91.99998474,89,91.99998474,89,4073705,2645.357422,-3278.5,-1.696061134,6794596,50.17874527,-3.700000048,0,Fault 1145,45.71641159,36.96772003,39.92922211,0,0,27.60503387,195,10.67386246,0
43202,WTG-B,17-Jul-22 00:10:00,18490335,34.20979691,34.08247757,34.12506104,34.00764084,33.63854599,33.51744461,4159314,2801.236084,-3278.5,-16.63199425,6795108,46.41329956,-3.700000048,4.741754055,RunUp,43.00292587,37.0038147,37.90077972,29.70589256,2.483587742,139.5656433,188,12.14715004,0.734109402
43346,WTG-B,18-Jul-22 00:10:00,18517001,90.32262421,85,90.30445099,85,90.44046021,85,4216708,2301.544434,-3278.5,-3.840857029,6802695,49.29665375,-3.700000048,0,Fault 2775,43.73371506,36.99344635,41.24513245,0.805519521,0,13.06075478,56,9.435972214,1
43490,WTG-B,19-Jul-22 00:10:00,18540163,-0.639892101,-0.637186527,-0.742878616,-0.712022841,-1.198863864,-1.202221274,4262386,1171.334839,-3278.5,1359.73877,6804634,62.61651611,-3.700000048,11.21938229,OnLine,33.64764786,37.75583267,47.32360077,73.15717316,10.43824863,71.066185,132,7.205383778,7
43634,WTG-B,20-Jul-22 00:10:00,18620731,13.00776863,13.08355713,12.93710423,13.0087204,12.44270515,12.51852226,4265504,2817.6604,-3278.5,2804.4104,6835756,69.66326904,-3.700000048,13.47566128,OnLine,57.26154709,44.00160217,58.8674469,88.55396271,5.856012344,166.9775238,192,15.44962692,5.955949306
43778,WTG-B,21-Jul-22 00:10:00,18668062,91.99998474,85,92.00000763,85,91.99998474,85,4302248,1676.767578,-3278.5,-8.934809685,6854262,54.12958908,-3.700000048,0,Fault 1340,49.40096283,40.00647354,49.97423172,1.003623009,0,27.51755524,73,8.18741703,0.668456078
43922,WTG-B,22-Jul-22 00:10:00,18712256,89.00221252,89,88.99815369,89,90.41576385,89,4343930,758.7664795,-3278.5,-2.493705511,6877042,56.31816864,-3.700000048,0.001414757,Fault 1340,47.13088226,35.03648758,46.89392471,0.009407718,0.001531784,4.039577007,180,6.191159248,5
44066,WTG-B,23-Jul-22 00:10:00,18760301,-0.589059353,-0.606971502,-0.729379654,-0.748625338,-1.149293661,-1.142934561,4380927,1637.239624,-3278.5,1559.032837,6892202,64.69682312,-3.700000048,11.76205158,OnLine,35.59999847,35.76751709,48.90081787,77.14424133,9.769949913,45.11203003,172,8.067110062,0
44210,WTG-B,24-Jul-22 00:10:00,18789277,91.99998474,85,91.99999237,85,91.99997711,85,4397879,2770.130859,-3278.5,-3.42723608,6904182,46.27440643,-3.700000048,0,Repair,40.63473892,36.92298508,40.36495972,1.225021124,0,12.64254951,170,11.20560837,0.367129713
44354,WTG-B,25-Jul-22 00:10:00,18789277,91.99991608,85,92.00003815,85,92.00000763,85,4397879,2787.804199,-3278.5,-2.774538517,6904182,43.51856613,-3.700000048,0,Repair,39.81157684,37.87099075,37.81296539,0,0,21.5077095,166,11.50515652,0
44498,WTG-B,26-Jul-22 00:10:00,18789277,61.62655258,85,61.71532822,85,61.71532822,85,4397879,2370.831055,-3278.5,-2.185134411,6904182,42.64885712,-3.700000048,0,Repair,38.8817482,37.84540558,36.75984573,0,0,59.67004013,189,9.600548744,0
44642,WTG-B,27-Jul-22 00:10:00,18789277,91.99998474,85,91.99998474,85,92.00003815,85,4397879,2819.055176,-3278.5,-2.344267845,6904182,42.61433792,-3.700000048,0,Repair,38.90418625,38.29699326,37.23234558,0,0,72.76779938,177,14.189744,3.275491476
44786,WTG-B,28-Jul-22 00:10:00,18789277,91.99998474,85,92.00001526,85,91.99998474,85,4397879,1621.612427,-3278.5,-2.181664228,6904182,40.7788887,-3.700000048,0,Repair,36.57348251,35.0038147,36.12874222,0,0,15.65124416,104,8.079502106,2
44930,WTG-B,29-Jul-22 00:10:00,18789277,91.99998474,85,91.99998474,85,65.93358612,85,4397879,829.6955566,-3278.5,-1.874226093,6904182,37.68357086,-3.700000048,0,Repair,32.66513443,30.9255867,33.26274872,0.323890388,0,21.78126335,62,6.345963955,2.269016266
